Artista,Género,Tipo,Nombre,Año de lanzamiento,ID
La Oreja de Van Gogh,rock,canción,La Playa,2000,2DNyZP4Py6f4zMASLBnIu6
Amaral,rock,canción,Cómo hablar,2000,3DYm7Lp7Fc3xf6WSCq5ntE
Linkin Park,rock,canción,In the End,2000,60a0Rd6pjrkxjPbaKzXjfq
La Oreja de Van Gogh,rock,canción,Cuídate,2000,7gqIqyeCaV2xNtfZWxEphD
Mägo de Oz,rock,canción,Fiesta Pagana,2000,02dphTJYUQ9pmdNC52iyOz
Bon Jovi,rock,canción,It's My Life,2000,0v1XpBHnsbkCn7iJ9Ucr1l
La Mosca,rock,canción,Para No Verte Más,2000,19CmuECYssqkPWANF4nLWM
Linkin Park,rock,canción,One Step Closer,2000,3K4HG9evC7dg3N0R9cYqk4
Limp Bizkit,rock,canción,Rollin' (Air Raid Vehicle),2000,3IV4swNduIRunHREK80owz
U2,rock,canción,Beautiful Day,2000,0gzqZ9d1jIKo9psEIthwXe
Toploader,rock,canción,Dancing in the Moonlight,2000,3Fzlg5r1IjhLk2qRw667od
La Oreja de Van Gogh,rock,canción,Paris,2000,5ByvJeBlrYISiwy7AVEAmP
La Oreja de Van Gogh,rock,canción,Pop,2000,4FXSEdmbbeGmPIQltH27C8
Linkin Park,rock,canción,Crawling,2000,57BrRMwf9LrcmuOsyGilwr
Limp Bizkit,rock,canción,Take A Look Around,2000,2avKuMN2QXkaG9vvHa2JLt
Robbie Williams,rock,canción,Rock DJ,2000,4pbyDPjFgfPqFTcIMC8xpK
Lenny Kravitz,rock,canción,Again,2000,5c1QJAiC3773EwiZLwHf5x
Linkin Park,rock,canción,Papercut,2000,1Vej0qeQ3ioKwpI6FUbRv1
Los Planetas,rock,canción,Un Buen Dia,2000,53AdGgVPCP8P4CutTFKJ1V
The Offspring,rock,canción,Want You Bad,2000,6hwQ69v7VbPhTTR2fOtYX7
La Unión,rock,canción,Lobo-hombre en París,2000,3M1H1CWjrSq7nxABHc8EXv
La Fuga,rock,canción,"P' aquí, p' allá",2000,4OeGTfPIF6sURCstaEqf4R
Mägo de Oz,rock,canción,Haste Que El Cuerpo Aguante,2000,5Q2uU5NGcS0mKwmgF28kRZ
Monica Naranjo,rock,canción,Sobreviviré,2000,3xGon93gcCARQ4VgYgoirk
El Barrio,rock,canción,Calla,2000,5mQOvk2ALT2YPQJg7DNQbf
The Corrs,rock,canción,Breathless,2000,5OQGeJ1ceykovrykZsGhqL
Camela,rock,canción,¿Por qué me has engañado?,2000,2EFKQ7K6HNKERFZh3Kne1Q
Reincidentes,rock,canción,¡Ay! Dolores,2000,2gDwJLEw8MTn0AoJzdpBWQ
Mägo de Oz,rock,canción,La danza del fuego,2000,0dQPkfweyWDzZ20Auq3F14
La Oreja de Van Gogh,rock,canción,Soledad,2000,4NLpfB52hwDPLn7bphgjgD
Blur,rock,canción,Girls & Boys,2000,5CeL9C3bsoe4yzYS1Qz8cw
Disturbed,rock,canción,Down with the Sickness,2000,40rvBMQizxkIqnjPdEWY1v
Lax'n'Busto,rock,canción,Llença't,2000,4ggCyLHi9itGzHsUgYhnN4
Limp Bizkit,rock,canción,My Way,2000,2gSVKxPDww9Eep5rdvtdem
Linkin Park,rock,canción,A Place for My Head,2000,5rAxhWcgFng3s570sGO2F8
Radiohead,rock,canción,Everything In Its Right Place,2000,2kRFrWaLWiKq48YYVdGcm8
The Hives,rock,canción,Hate To Say I Told You So,2000,20j7B6mL9gnNvG3ic6Vwh5
U2,rock,canción,Stuck In A Moment You Can't Get Out Of,2000,1klDPm7SfsS32hl7KHV9iy
Limp Bizkit,rock,canción,My Generation,2000,6holGuk1jKHTdWyWBOZi8l
3 Doors Down,rock,canción,Kryptonite,2000,6ZOBP3NvffbU4SZcrnt1k6
The Beatles,rock,canción,Hey Jude - Remastered 2015,2000,0aym2LBJBk9DAYuHHutrIl
Los Secretos,rock,canción,Agárrate a mí María (feat. Antonio Vega),2000,0yORpJ5pOm7svTtEyv700n
Deftones,rock,canción,Change (In the House of Flies),2000,51c94ac31swyDQj9B3Lzs3
Mark Knopfler,rock,canción,What It Is,2000,65f8Ca4HbZCMLhpZPTHW4O
La Oreja de Van Gogh,rock,canción,Mariposa,2000,50CFzmM2N9wxobKcURrZdw
El Barrio,rock,canción,La Fuente del Deseo,2000,1lnkbfnoTAMcLwJAc18kub
Blur,rock,canción,Song 2,2000,3GfOAdcoc3X5GPiiXmpBjK
AC/DC,rock,canción,Stiff Upper Lip,2000,1KBuhAHzia2qoD4u6YhvER
The Dandy Warhols,rock,canción,Bohemian Like You,2000,3APHT3KjbHi9OllkVQsuXF
Phoenix,rock,canción,If I Ever Feel Better,2000,3AA8xNhDC0MpqwkGX3EP5V
M-Clan,rock,canción,Carolina - En directo 2000,2001,4UtREbGYnd1nZLckEb5y8J
Los Delinqüentes,rock,canción,El aire de la calle,2001,2PaETSKl3w3IdtLIbDnQXJ
Alex Ubago,rock,canción,Sin miedo a nada (feat. Amaia Montero),2001,0EA40dd5ghMqemzoqWvo3E
System Of A Down,rock,canción,Toxicity,2001,0snQkGI5qnAmohLE7jTsTn
System Of A Down,rock,canción,Chop Suey!,2001,2DlHlPMa4M17kufBvI2lEN
Los Delinqüentes,rock,canción,Nube de pegatina,2001,53IBRi1foJyOrFs70aCsXk
Los Piratas,rock,canción,Años 80,2001,7EwISik6EOmK1CZhs68nsg
Los Delinqüentes,rock,canción,A la luz del Lorenzo,2001,6bMRELN9nclL87w9XEMMnw
Nickelback,rock,canción,How You Remind Me,2001,0gmbgwZ8iqyMPmXefof8Yf
La Fuga,rock,canción,P'aquí p'allá,2001,5yizPiC4hxXyO2H5eGHMoM
Alex Ubago,rock,canción,A gritos de esperanza,2001,5eYrtywOl1T58VgNTU5aX0
Papa Roach,rock,canción,Last Resort,2001,5W8YXBz9MTIDyrpYaCg2Ky
Daft Punk,rock,canción,One More Time,2001,0DiWol3AO6WpXZgp0goxAV
Gorillaz,rock,canción,Clint Eastwood,2001,1RKUoGiLEbcXN4GY4spQDx
Weezer,rock,canción,Island In The Sun,2001,2MLHyLy5z5l5YRp7momlgw
Rammstein,rock,canción,Sonne,2001,3gVhsZtseYtY1fMuyYq06F
System Of A Down,rock,canción,Aerials,2001,4e9eGQYsOiBcftrWXwsVco
Kaotiko,rock,canción,Otra Noche,2001,2JXn1MQeFqowxtRxgmefuk
La Fuga,rock,canción,Majareta,2001,3njI5vWbMeZWcTYy6a30Tt
The Calling,rock,canción,Wherever You Will Go,2001,5QpaGzWp0hwB5faV8dkbAz
M-Clan,rock,canción,Maggie despierta - Maggie May,2001,6pVmnP2zpWqmMTHiwUnpqq
The Strokes,rock,canción,Last Nite,2001,7kzKAuUzOITUauHAhoMoxA
Alex Ubago,rock,canción,¿Qué pides tú?,2001,2tWmETghMSbR3LQ5lCrJq8
Train,rock,canción,Drops of Jupiter (Tell Me),2001,2hKdd3qO7cWr2Jo0Bcs0MA
The Mamas & The Papas,rock,canción,California Dreamin',2001,1ZEOIhSn6BKErV59bIgn76
Sopa De Cabra,rock,canción,Camins,2001,7JaD4wn9s5zEaSyw3KtNxZ
Robbie Williams,rock,canción,Somethin' Stupid,2001,4kSKacywUJHdhyst4PL6pl
Smash Mouth,rock,canción,I'm A Believer,2001,0C9jZPUv4SuaXkuEQw6L40
The Strokes,rock,canción,Someday,2001,56NkIxSZZiMpFP5ZNSxtnT
Zucchero,rock,canción,Baila Morena - New Spanish Version,2001,0M2YkvoDWKgEvLaCmdH3Gv
Jimmy Eat World,rock,canción,The Middle,2001,6GG73Jik4jUlQCkKg9JuGO
Daft Punk,rock,canción,Veridis Quo,2001,2LD2gT7gwAurzdQDQtILds
Los Piratas,rock,canción,El equilibrio es imposible,2001,0rCWIsEuZlwgpIOWLfZEAA
Sum 41,rock,canción,In Too Deep,2001,1HNE2PX70ztbEl6MLxrpNL
Journey,rock,canción,Don't Stop Believin',2001,77NNZQSqzLNqh2A9JhLRkg
Bacilos,rock,canción,Tabaco y Chanel,2001,48svUiwMMYQRPyesVEnof1
Rammstein,rock,canción,Feuer frei!,2001,5aNH8inF5BsbThDeOLs7zs
Dover,rock,canción,King George,2001,3k3vAuhPnU2Z8KLDvp0cjO
Muse,rock,canción,Plug in Baby,2001,2UKARCqDrhkYDoVR4FN5Wi
Jarabe De Palo,rock,canción,Dos días en la vida,2001,1Fzlofqd4sIG33pf55MTQD
Rammstein,rock,canción,Ich will,2001,3X0K6fII7VIwL1URPrp8Ko
blink-182,rock,canción,First Date,2001,1fJFuvU2ldmeAm5nFIHcPP
Rammstein,rock,canción,Mein Herz brennt,2001,5ArNGisLzrNOIVwWajRRdt
Daft Punk,rock,canción,"Harder, Better, Faster, Stronger",2001,5W3cjX2J3tjhG8zb6u0qHn
Sum 41,rock,canción,Fat Lip,2001,4KacUpvbA3Mfo05gttTjhN
Fito y Fitipaldis,rock,canción,Ni negro ni blanco (feat. Robe),2001,4GkWN0aRGs5Ip4cQiiI7Pf
James,rock,canción,Getting Away With It (All Messed Up),2001,1oZYaztSjkVQ7PeKwUbdab
Jarabe De Palo,rock,canción,Completo incompleto,2001,7981yPvY8IwJCpl9HSdDXI
Fito y Fitipaldis,rock,canción,A la luna se le ve el ombligo,2001,3HiSswzq0yxIsyxn99pHPX
Camela,rock,canción,Dame tu cariño,2001,0TufezolMyRJYBM1ubK23f
Extremoduro,rock,canción,La vereda de la puerta de atrás,2002,4kJP8Z888wREJ8bRMWNMuk
Extremoduro,rock,canción,Stand By,2002,6BxCmy6vGbuOckxg6YfQOW
David Bisbal,rock,canción,Ave María,2002,5U4pDBaeq2Jl2dKuWWUSsh
David Bisbal,rock,canción,Dígale,2002,5OKrgU6UuGMp4sGRxv1JH2
Amaral,rock,canción,Sin ti no soy nada,2002,7cQ7axcCXsa963OluHTWlS
Juanes,rock,canción,A Dios Le Pido,2002,129lYDVKnWtlJc2PZJviuA
Red Hot Chili Peppers,rock,canción,Can't Stop,2002,3ZOEytgrvLwQaqXreDs2Jx
Robbie Williams,rock,canción,Feel,2002,2Ms33RTRCT6gArrpcrPxmo
Bacilos,rock,canción,Caraluna,2002,7DhYjNLksXZhbRQeheAums
Amaral,rock,canción,Moriría por vos,2002,2Ec0VmnItt52GPU6A9Vya3
Juanes,rock,canción,Es Por Ti,2002,3b1IQflSLrgzYQPGFzI9cl
El Canto Del Loco,rock,canción,Puede Ser (with Amaia Montero),2002,1TtwCkFbGv89XmuUNmoINt
Extremoduro,rock,canción,A fuego,2002,3WK3ejrcg2sOILqcxYaykU
Amaral,rock,canción,Toda la noche en la calle,2002,3UmPmOnwIlGM6MtlY7s4dz
Blondie,rock,canción,Maria,2002,7bOYOD0d7ByMTXvJnQVl8d
El Barrio,rock,canción,"Buena, Bonita y Barata",2002,1yFEmQGaLemECFv2F4TiO1
Extremoduro,rock,canción,Hoy te la meto hasta las orejas,2002,1REM2DvMUO7c4bSSCowXum
David Bisbal,rock,canción,Lloraré Las Penas,2002,02LY9cHQcP3g9wtDfykKDs
Oasis,rock,canción,Stop Crying Your Heart Out,2002,0SlpFHdk4UHBDzCEoXzy14
Red Hot Chili Peppers,rock,canción,By the Way,2002,1f2V8U1BiWaC9aJWmpOARe
Vanessa Carlton,rock,canción,A Thousand Miles,2002,4w1lzcaoZ1IC2K5TwjalRP
Audioslave,rock,canción,Like a Stone,2002,3YuaBvuZqcwN3CEAyyoaei
Juanes,rock,canción,Fotografía,2002,0dEPlb8waIqRtKpLb3l6So
El Canto Del Loco,rock,canción,Aquellos Años Locos (Bonus Track),2002,2zQPi1daDcELSMkpDGwHsn
Bacilos,rock,canción,Mi Primer Millon,2002,5fSDXbY8o9pA3TKwAbfwML
Miguel Ríos,rock,canción,Insurrección (con Manolo García),2002,5JD2HODIglXaNJopWb248t
Sum 41,rock,canción,Still Waiting,2002,0jqK7sGTLsHPkQrrcrGuKD
Chenoa,rock,canción,Cuando Tú Vas,2002,2bPH3Ph0RHQuugStXcpyRP
Red Hot Chili Peppers,rock,canción,The Zephyr Song,2002,1ndGB6rvxKYN9seCYO1dTF
El Canto Del Loco,rock,canción,A Contracorriente,2002,4fYAcwdEtW2VCZe5Xoe7iC
Amaral,rock,canción,Te necesito,2002,4vcFY3PrJmxAQAnqkm0EQR
Extremoduro,rock,canción,Cerca del suelo,2002,1FKKvyrgMdJFwf0NdM7P5Q
Maná,rock,canción,Mariposa Traicionera - 2020 Remasterizado,2002,2zLLGT8WWT1dl73TlVL9qs
El Barrio,rock,canción,El Coco,2002,6CzGCHZVQIdAkzNxoDfdEj
Queens of the Stone Age,rock,canción,No One Knows,2002,6y20BV5L33R8YXM0YuI38N
El Canto Del Loco,rock,canción,Son Sueños,2002,0Gb0HHBCpDL3lYqaabpVu8
Amaral,rock,canción,Te necesito - Acústico,2002,61ZvRYNgX7WliB1kgQB32a
Johnny Cash,rock,canción,Hurt,2002,28cnXtME493VX9NOw9cIUh
David Bisbal,rock,canción,Corazon Latino,2002,36inQzyICgt9y0jddpVQe1
Sum 41,rock,canción,The Hell Song,2002,6hqt1z34Oz0OZtSfy62OFD
Caesars,rock,canción,Jerk It Out,2002,5XMjXjwCkJVmk0AHm7z8IV
3 Doors Down,rock,canción,Here Without You,2002,3NLrRZoMF0Lx6zTlYqeIo4
Ska-P,rock,canción,Niño Soldado,2002,40xa0CN0V4fEUlI2WCEjmU
David Civera,rock,canción,Que La Detengan,2002,5a76ewdxMy4WoMuDinapcl
El Canto Del Loco,rock,canción,Contigo,2002,27Kc3PnjC1SA0WW9dZdLFq
El Barrio,rock,canción,Me Voy al Mundo,2002,1wCWYSyqR8uuYZd5WStnYk
Ska-P,rock,canción,Mis Colegas,2002,0p3rxgmQPN5y6QEMzliGZc
Simple Plan,rock,canción,I'm Just a Kid,2002,6otiaV2fagE3s8IvP6WkwG
System Of A Down,rock,canción,I-E-A-I-A-I-O,2002,3RgDvs9Jpvn3kUuaTek1R5
Boikot,rock,canción,Inés,2002,1B2KqBbo71jf5n3lftM6G2
La Oreja de Van Gogh,rock,canción,Rosas,2003,4waqcUQWdj0yH26STWl2Rq
La Oreja de Van Gogh,rock,canción,Puedes Contar Conmigo,2003,1hbWtHgRDG25DkmxE4I28V
El Barrio,rock,canción,Quiereme,2003,1NxFzOsXF3DXLH1xyon6vH
El Canto Del Loco,rock,canción,Insoportable,2003,6FstWkgRdHagqJ6qjDbiK0
El Canto Del Loco,rock,canción,La Madre de Jose,2003,3l8Ennt1PqShViwh0tkWuc
Linkin Park,rock,canción,Numb,2003,2nLtzopw4rPReszdYBJU6h
La Oreja de Van Gogh,rock,canción,20 de Enero,2003,4XdePl1vOF1cYjTBYeYU9j
El Canto Del Loco,rock,canción,Una Foto en Blanco y Negro,2003,1LuW4h5s9ZumBbMh7qhDDj
Linkin Park,rock,canción,Faint,2003,4Yf5bqU3NK4kNOypcrLYwU
The White Stripes,rock,canción,Seven Nation Army,2003,3dPQuX8Gs42Y7b454ybpMR
Coti,rock,canción,Nada Fue Un Error,2003,1Ev18ptTlc3CBQMmKsIfjY
Alex Ubago,rock,canción,Aunque no te pueda ver,2003,2425UlXvkIkAEJAtAd8ROm
Dido,rock,canción,White Flag,2003,6si71supnBUhddjR2FJc2L
Pereza,rock,canción,Pienso en Aquella Tarde,2003,5dncXckT4fSDlyEL9QgzuY
El Canto Del Loco,rock,canción,Ya Nada Volvera a Ser Como Antes,2003,55BClNby0SuB7MHxp1Tdn8
El Barrio,rock,canción,Todo Tiene Su Fin,2003,1rCbVuKv2t7Imylg1WEe7I
Linkin Park,rock,canción,Somewhere I Belong,2003,3fjmSxt0PskST13CSdBUFx
Jarabe De Palo,rock,canción,Bonito,2003,5FiB1uNoGZE4PenzZd7Imu
La Oreja de Van Gogh,rock,canción,Deseos de Cosas Imposibles,2003,6CIDsqMEEsBJf5Cv6RbuGw
Coti,rock,canción,Antes Que Ver El Sol,2003,2xqNBP7kAqeZi96QISEGx4
Mägo de Oz,rock,canción,La Costa Del Silencio,2003,4mTsRdFE28MYlrZo8N4Es0
El Canto Del Loco,rock,canción,Volver a Disfrutar,2003,3PuXuPcU0W4iHnd3C78FIr
El Barrio,rock,canción,Angel Malherido,2003,1vdzkGYQrR9Ep77Yd32N7m
Linkin Park,rock,canción,Breaking the Habit,2003,3dxiWIBVJRlqh9xk144rf4
The Strokes,rock,canción,Reptilia,2003,57Xjny5yNzAcsxnusKmAfA
Muse,rock,canción,Time is Running Out,2003,0EdMqiKs9LKXhspeQhl4RZ
Muse,rock,canción,Hysteria,2003,0knbMPVHpFbsx38pLoYSRs
La Oreja de Van Gogh,rock,canción,Geografía,2003,0iTJV7IHhkgzWk5x0WgUHy
Los Secretos,rock,canción,Por el boulevard de los sueños rotos - Acústico,2003,7KRg2QArpD7aq12u6cQChY
The Rasmus,rock,canción,In the Shadows,2003,1fr92Vupmcs2vgLMFVQ7rd
Julieta Venegas,rock,canción,Andar Conmigo,2003,05iMQqncVBIm4AE26EvaTL
Los Delinqüentes,rock,canción,La niña de la palmera,2003,1N0pXVlgb69HTKWEbsA0W1
El Barrio,rock,canción,No Vale la Pena,2003,15sikz0X5nugfKW2DOAQ0T
Linkin Park,rock,canción,Lying from You,2003,4qVR3CF8FuFvHN4L6vXlB1
Pet Shop Boys,rock,canción,Go West - 2003 Remaster,2003,5Klo65Y9uouLjNVDV3pqh7
Elbicho,rock,canción,De los malos,2003,4qeoUPvx2TC0xb7sxoEekP
Three Days Grace,rock,canción,I Hate Everything About You,2003,0M955bMOoilikPXwKLYpoi
Stereophonics,rock,canción,Maybe Tomorrow,2003,6SXy02aTZU3ysoGUixYCz0
La Oreja de Van Gogh,rock,canción,Nadie Como Tú,2003,4ybdTQiPB5RrbVgRMwlBNk
La Fuga,rock,canción,Sueños de papel (feat. Fito y Fitipaldis),2003,7qi9cwJpHdtqPYWJYbp9k4
Elbicho,rock,canción,Mamá Dolores,2003,04u9vcrH4NbhH8JYTVGhQ3
Joe Cocker,rock,canción,Up Where We Belong,2003,5NoUgO4Kr93QymQGQlBC7b
Limp Bizkit,rock,canción,Behind Blue Eyes,2003,1MTQHCpraD4S8g5PAFKzoj
Deluxe,rock,canción,Que No,2003,24OflD9GhkXDN6Tj2BUMg3
Julieta Venegas,rock,canción,Lento,2003,2NsMwNWumJXCdTg2IZCLZ5
Malú,rock,canción,Devuelveme la Vida (with Antonio Orozco),2003,3F6QDKtaBlaEfI6TLjLIQw
Pereza,rock,canción,Pienso en Aquella Tarde - Nueva Versión,2003,2VTaauLbYR0VxWaT9rlQFi
Kaotiko,rock,canción,Rico Deprimido,2003,4ElzHGmien7nf70YqQMO2h
The Offspring,rock,canción,Hit That,2003,3lfmqF0ULXRHlWxBeaHo3t
blink-182,rock,canción,I Miss You,2003,1oTo3ijRbaDAtrjJrGAPSw
Fito y Fitipaldis,rock,canción,Soldadito marinero,2004,0eVborSuxUeSg0meWYd9dZ
Fito y Fitipaldis,rock,canción,La casa por el tejado,2004,428cFrawSqeLoyooQjAW9d
Keane,rock,canción,Somewhere Only We Know,2004,1SKPmfSYaPsETbRHaiA18G
Camela,rock,canción,Cuando zarpa el amor,2004,0GzQB5WXavUEU8tfTCAd8m
La Quinta Estacion,rock,canción,El Sol No Regresa,2004,2awKQgW88iq9jFM54VaCAp
Juanes,rock,canción,La Camisa Negra,2004,2EM9zpAc7PVeoAydmbfVIL
The Killers,rock,canción,Mr. Brightside,2004,003vvx7Niy0yvhvHt4a68B
Keane,rock,canción,Everybody's Changing,2004,0yac0FPhLRH9i9lOng3f81
Franz Ferdinand,rock,canción,Take Me Out,2004,20I8RduZC2PWMWTDCZuuAN
M-Clan,rock,canción,Miedo,2004,47oZRFceogtlw8Kcu5UGaj
Green Day,rock,canción,American Idiot,2004,6nTiIhLmQ3FWhvrGafw2zj
Fito y Fitipaldis,rock,canción,Un buen castigo,2004,2GvlIZHqSDyXQgf5hWXsOd
Juanes,rock,canción,Volverte A Ver,2004,2ZqFfDwNjKvPu3USx3onhO
M-Clan,rock,canción,Sopa fría,2004,1zLJEnxuZBgPbwMrDMiZAf
Juanes,rock,canción,Nada Valgo Sin Tu Amor,2004,6QdwofpqDvvNxX88C9A0iQ
The Killers,rock,canción,Somebody Told Me,2004,6PwjJ58I4t7Mae9xfZ9l9v
Fito y Fitipaldis,rock,canción,Whisky barato,2004,25uN86jLVXNnusQDA3il8S
Slipknot,rock,canción,Duality,2004,61mWefnWQOLf90gepjOCb3
Counting Crows,rock,canción,"Accidentally In Love - From ""Shrek 2"" Soundtrack",2004,2Y6uY65ZwKl9WbVOvKyZg6
David Bisbal,rock,canción,Buleria,2004,2s7WJ9IRON5zalNbfFY1xa
Keane,rock,canción,This Is The Last Time,2004,6IVlHRrjTKep5SS9kbcpTa
Green Day,rock,canción,Wake Me up When September Ends,2004,3ZffCQKLFLUvYM59XKLbVm
Green Day,rock,canción,Boulevard of Broken Dreams,2004,1hwJKpe0BPUsq6UUrwBWTw
Fito y Fitipaldis,rock,canción,Siempre estoy soñando,2004,2WDHxrr9IWp1QkAM0sSEr9
Slipknot,rock,canción,Before I Forget,2004,6wqJeItl3Vc3az4ZicSQAB
Boikot,rock,canción,Kualqiier Dia,2004,1XbkYc0szlepSM3Na5EcG5
David Bisbal,rock,canción,Esta Ausencia,2004,0phL00aOVS9nHhvd5Vodei
La Quinta Estacion,rock,canción,Algo Más,2004,3bJBWsVNUJ3hOIO6lQUKCj
Simple Plan,rock,canción,Welcome to My Life,2004,10rChmECwPcvTTj4w07hq4
U2,rock,canción,Vertigo,2004,1gVVSmhWjci8l9Vrsl6HaS
Phil Collins,rock,canción,A Groovy Kind of Love,2004,5OHUTC4EvTbL0DuZQRIGGX
The Bangles,rock,canción,Eternal Flame,2004,5MoDQWMDMaAGDEiWsJfeCi
Phil Collins,rock,canción,Two Hearts,2004,2BgWv15eKCDfiubKo6o76k
Sum 41,rock,canción,Pieces,2004,1ibeKVCiXORhvUpMmtsQWq
Rammstein,rock,canción,Amerika,2004,1a8JpAL3vbAdXYrEABvOtb
Andrés Calamaro,rock,canción,Estadio Azteca,2004,03Ntkzzjkz7nFJldcPbL90
Merche,rock,canción,Abre Tu Mente,2004,1PgMmLl8C6O1a5c6oMV2Fo
Rata Blanca,rock,canción,Mujer Amante,2004,4eCrF1FgVL4se3AkHOnLDL
Snow Patrol,rock,canción,Run,2004,6kesIBNAY17BoAz28pnWMC
The Killers,rock,canción,All These Things That I've Done,2004,5vollujufHY0jMZxx77VWr
Fito y Fitipaldis,rock,canción,Corazón oxidado,2004,41iYTPk4rkocwGfvDCGCSk
Juanes,rock,canción,Para Tu Amor,2004,2quTytCTP9kKLvpveyO1mt
David Bisbal,rock,canción,Camina Y Ven,2004,7KZDdXCqJzcUsd9jvKRjbj
Las Chuches,rock,canción,Como Ronea,2004,3ONjIwgGbz6W1HFWRPsWRM
Los Enanitos Verdes,rock,canción,Tu Carcel - En Vivo,2004,1lAFWiaVhJhvQ5Gtzp6vSu
My Chemical Romance,rock,canción,I'm Not Okay (I Promise),2004,7lRlq939cDG4SzWOF4VAnd
Keane,rock,canción,Bend & Break,2004,4mPiTSD96K4Dha1irhqpW3
My Chemical Romance,rock,canción,Helena,2004,5dTHtzHFPyi8TlTtzoz1J9
Camela,rock,canción,Solo Por Ti,2004,36i2jvVTKwbnpPlzqcuwzS
Tina Turner,rock,canción,The Best,2004,4OeFQtRyT7vsLnRTv7t8YT
Melendi,rock,canción,Caminando por la vida,2005,3v1dCP3hk2djfWryqfp7sx
Pereza,rock,canción,Princesas,2005,3hlWUNjAlbZ6nOjAbrivBv
Amaral,rock,canción,"Marta, Sebas, Guille y los demás",2005,30ddpolNHwXlrS5XO8MiiO
El Canto Del Loco,rock,canción,Zapatillas,2005,42VgiRyg0YjtRVLiPFNxPJ
El Canto Del Loco,rock,canción,Besos,2005,7MKO7rUZzjw8p87zdZDgqa
Melendi,rock,canción,Con sólo una sonrisa,2005,0hZe1cdSm3wc5Gay229mJd
El Canto Del Loco,rock,canción,Volvera,2005,4QBrx05HrLnohYaS1cPGHO
Amaral,rock,canción,El universo sobre mí,2005,1jJn6iK6o2Vg7iUKHztRTk
Amaral,rock,canción,Días de verano,2005,3JhllUTyXy2ceSTzNSErBC
El Sueño de Morfeo,rock,canción,Nunca volverá,2005,3TZiiTNmVhLRMhPksHqk8M
La Fuga,rock,canción,Buscando en la basura,2005,46Yp4JsZIh8ceg5WBqW1ZB
Calle 13,rock,canción,Atrévete-Te-Te,2005,1q8NdCAQ9QUjpYiqzdd3mv
Gorillaz,rock,canción,Feel Good Inc.,2005,0d28khcov6AiegSCpG5TuT
El Sueño de Morfeo,rock,canción,Esta soy yo,2005,2kaHorrtVLo9brE37NQvGa
The Fray,rock,canción,How to Save a Life,2005,5fVZC9GiM4e8vu99W0Xf6J
Los Delinqüentes,rock,canción,La primavera trompetera,2005,0CpOanyNd3l3X1Nqkyd6TB
Pereza,rock,canción,Todo,2005,09QG9D1BI4TRvGq64NghRg
The Fray,rock,canción,Look After You,2005,5l6hpyTGBK0LAAxgPnqTQL
El Barrio,rock,canción,Abreme la Puerta,2005,2MY8gA419I34WfMDjcwUdu
El Barrio,rock,canción,Querida Enemiga,2005,6i7Am0sqU0rZa2Yqsy9Rbg
KT Tunstall,rock,canción,Suddenly I See,2005,5p9XWUdvbUzmPCukOmwoU3
Thirty Seconds To Mars,rock,canción,The Kill,2005,0lP4HYLmvowOKdsQ7CVkuq
Daniel Powter,rock,canción,Bad Day,2005,0mUyMawtxj1CJ76kn9gIZK
Nacha Pop,rock,canción,Chica de ayer,2005,1aZc9YBrZpKCE1YqSMV5Vg
System Of A Down,rock,canción,B.Y.O.B.,2005,0EYOdF5FCkgOJJla8DI2Md
Coti,rock,canción,Nada Fue Un Error - Live In Spain / 2005,2005,7GO6pBFbieZ30NjGIp2LP5
Gorillaz,rock,canción,DARE,2005,4Hff1IjRbLGeLgFgxvHflk
Extremoduro,rock,canción,Bribriblibli - Versión 2004,2005,6cYs5hD11CLkWPvtvBG5L7
El Canto Del Loco,rock,canción,Tal Como Eres,2005,0HQ6KHOBtpGdV7c40wwNSA
System Of A Down,rock,canción,Lonely Day,2005,4xBHZ2Mr0gCdFYXrPZuYXO
La Fuga,rock,canción,Heroína,2005,66hWIxJIeJDDutXLhxpFJ5
Merche,rock,canción,Eras Tu,2005,1ayLQcNwISmhnjLHOtUYrM
Coti,rock,canción,Nada Fue Un Error - Live In Spain / 2005,2005,15RAXEkBCh62ZB6xddv0wO
Bloc Party,rock,canción,Banquet,2005,4juzduULFJiZVIcrC1tkxE
Plain White T's,rock,canción,Hey There Delilah,2005,4RCWB3V8V0dignt99LZ8vH
Pereza,rock,canción,Que Alegria Mas Tonta,2005,09pHfOLKeTx3txsUtxPpvR
Melendi,rock,canción,Billy El Pistolero,2005,4xUHq1xn1CCrtmAQ0BJpqr
Loquillo,rock,canción,Rock and Roll Star,2005,2MPWdzsLs7owJCpNS1Eq8Y
La Fuga,rock,canción,Baja por diversión (feat. El Drogas),2005,4oV2PvimswAwkDeNWHGQz7
Foo Fighters,rock,canción,Best of You,2005,5FZxsHWIvUsmSK1IAvm2pp
Jorge Drexler,rock,canción,Todo se transforma,2005,4YEU9N2XAE0DfUwxWI5ijA
Amaral,rock,canción,Resurrección,2005,3Y5q9wzGttSBUJdsy7OoPL
Mägo de Oz,rock,canción,La posada de los muertos,2005,0ZICpziYDXDYmQ38hgJuXE
El Canto Del Loco,rock,canción,Vuelve,2005,1QHY3mxg84dGUQeFn2AEF8
Elbicho,rock,canción,Parque Triana,2005,3UimGpPlxvPaQ6iKLXUerS
K-Narias,rock,canción,No Te Vistas Que No Vas,2005,5Yi3tEZN4On5Ttk32FYpao
Los Delinqüentes,rock,canción,No llevamos ná,2005,6m8NEuBzApXPl6oaYiqY5v
Melendi,rock,canción,Novia a la fuga,2005,5zL4Xj7jR6QXau8zWfJLKh
Los Delinqüentes,rock,canción,Después (con Gualberto y Bebe),2005,0Az4MIZClOrbnhfOjUIqfH
Green Day,rock,canción,Holiday,2005,5vfjUAhefN7IjHbTvVCT4Z
Los Planetas,indie,canción,Un Buen Dia,2000,53AdGgVPCP8P4CutTFKJ1V
Radiohead,indie,canción,Everything In Its Right Place,2000,2kRFrWaLWiKq48YYVdGcm8
The Hives,indie,canción,Hate To Say I Told You So,2000,20j7B6mL9gnNvG3ic6Vwh5
Deftones,indie,canción,Change (In the House of Flies),2000,51c94ac31swyDQj9B3Lzs3
Phoenix,indie,canción,If I Ever Feel Better,2000,3AA8xNhDC0MpqwkGX3EP5V
Elefantes,indie,canción,Azul,2000,4cdkLMSUeD732LS9dw6G4n
Air,indie,canción,Playground Love,2000,052z2UsE2wPrHsBJ9tly0g
Radiohead,indie,canción,How to Disappear Completely,2000,2rtGaCAeYtmcIvuZsvgTf6
Mindless Self Indulgence,indie,canción,Bitches,2000,7wwLxmUVLCfySaJ0fdyelI
Deftones,indie,canción,Digital Bath,2000,2jSJm3Gv6GLxduWLenmjKS
Los Planetas,indie,canción,Santos Que Yo Te Pinte,2000,1L4irrN3TGmOHS65WM1g4W
Phoenix,indie,canción,Too Young,2000,2THkQauDWMvJgXFGPY4iKB
Radiohead,indie,canción,Idioteque,2000,1W5XugQJGhnSATMI5n002M
Deftones,indie,canción,Passenger,2000,7IoK6jZBxY7NMoQPoPXZCF
Cat Power,indie,canción,Sea of Love,2000,33kKcOJoyNduHwXhEnga8X
Mishima,indie,canción,My Whole Life Crying,2000,64dJa8gYKjAYoR8h22dSGn
Elefantes,indie,canción,Se me va,2000,4mDjjxOdkKS3sIoQ8t5u39
Deftones,indie,canción,Back to School (Mini Maggit),2000,0Qrb3L8JgreLBW8g4qyan9
Duster,indie,canción,Me and the Birds,2000,4wEuNvb7oG8oZYrZPZ9rPr
The Hives,indie,canción,Main Offender,2000,6HAIJiZ3FGzWs5qREm9viG
Radiohead,indie,canción,The National Anthem,2000,4Wgj6jzoI2gYlumXdYAB8U
Radiohead,indie,canción,Optimistic,2000,1FoUsSi9BCTlNt2Vd7V8XA
Mindless Self Indulgence,indie,canción,Faggot,2000,09RhTAi0nuzCs5KS2XWSs5
Sexy Sadie,indie,canción,Someone Like You,2000,7GcFOX88N7r8Yv3bslxcON
Los Amigos Invisibles,indie,canción,La Vecina,2000,71PoTZSF1jEns1Iw2S4mIt
Deftones,indie,canción,Knife Prty,2000,42Kv1RoTAm09FeytxiuZIB
Bonobo,indie,canción,Terrapin,2000,6G1lPm5H051kZL5rJHvXEv
Blonde Redhead,indie,canción,For the Damaged Coda,2000,6lvJDlBrtabJWiBlMTGxKs
La Casa Azul,indie,canción,Chicle Cosmos,2000,5CbBKaceXSfnKYa3z6IeXM
Los Planetas,indie,canción,Anuncio para Coches,2000,5hIV9zxW4rNVxdbZN5Z9tX
La Casa Azul,indie,canción,Galletas,2000,7xFHCgv7Xcw6luC06HfSDG
D'Angelo,indie,canción,Untitled (How Does It Feel),2000,4oPNN7syJYSjzDhRerF966
Los Planetas,indie,canción,Maniobra de Evasion,2000,2H29pnfdP4ia44DOOmnzD2
D'Angelo,indie,canción,Send It On,2000,5LIwaG8Wl9LfExcmiRQm7J
Radiohead,indie,canción,Kid A,2000,3QDahKSqLwYJYQRbILdzS6
D'Angelo,indie,canción,Spanish Joint,2000,4euxFlxLWVGmZZLyYARTyE
Libido,indie,canción,En Esta Habitación,2000,1gAB76RAMN8sZl0PjKyqXA
Los Planetas,indie,canción,Vas a Verme por la Tele,2000,2vQEd7iqO8e8LKajqcHXkH
Deftones,indie,canción,Feiticeira,2000,0FpYnuKYFJXHAmHbS1CycY
Deftones,indie,canción,Rx Queen,2000,6HgrJfzfj9WRBABdussy8z
Fey,indie,canción,Azúcar Amargo,2000,2arXuCWrLfgcELqYogQDbt
Los Amigos Invisibles,indie,canción,Qué Rico,2000,3iC5jxwKld8GhdZciFkzCb
Goldfrapp,indie,canción,Utopia,2000,1dToJK56u2pOVA3S66OgPB
Goldfrapp,indie,canción,Lovely Head,2000,1zgep5cR2ZjHRKLi3qqbl8
Yo La Tengo,indie,canción,You Can Have It All,2000,5s91S8hSrJXqYdhwHOEioV
Deftones,indie,canción,Pink Maggit,2000,0FrT8a39eo6siL1yIxVGTP
Bonobo,indie,canción,The Plug,2000,6HGbrlmb37enHxutPPZXgz
Los Amigos Invisibles,indie,canción,Cuchi-Cuchi,2000,7s2XNERfzzJGb5gB4bcSpc
Elefantes,indie,canción,Me gustaría poder hacerte feliz,2000,3YsmKLVYhTSXtp8ZZf0FVb
Los Planetas,indie,canción,"Que No Sea Kang, Por Favor",2000,41OGvdfzThkNxQVUkkWgq9
Extrechinato y Tu,indie,canción,Rojitas,2001,5Srks36XWpQoF47EYF7ExI
Los Piratas,indie,canción,Años 80,2001,7EwISik6EOmK1CZhs68nsg
bôa,indie,canción,Duvet,2001,42qNWdLKCI41S4uzfamhFM
Los Piratas,indie,canción,El equilibrio es imposible,2001,0rCWIsEuZlwgpIOWLfZEAA
Extrechinato y Tu,indie,canción,A la sombra de mi sombra,2001,4IHIwMNqxgTkCEcwiQx5gk
Extrechinato y Tu,indie,canción,Si el cielo está gris (feat. Fito y Fitipaldis),2001,27w7aS0UdonBoqFLCuXrjP
The Shins,indie,canción,New Slang - 2021 Remaster,2001,0NslHuacjxQYfUTOW3HCIV
Extrechinato y Tu,indie,canción,Eterno viajero,2001,0RKekHLiDHlQFVuE5sEGJ2
Extrechinato y Tu,indie,canción,Abrazado a la tristeza,2001,642o0DxSdM0JAGJKoGhtcL
Tam Tam Go!,indie,canción,Atrapados en la red,2001,6qItZri8lMKeIbBUuSV3Ea
bôa,indie,canción,Twilight,2001,6d67Xv8ms2noA8wWFLiPDN
Quique González,indie,canción,La Ciudad Del Viento,2001,7spcsBdprvaoOifZO4McCg
Extrechinato y Tu,indie,canción,Viento (Déjame ir contigo),2001,6Vllq7ejDmoGxJqyvxb1ow
Quique González,indie,canción,De Haberlo Sabido,2001,5JovFbZXP2SrsiGgnnSWRP
Radiohead,indie,canción,Pyramid Song,2001,55q3Ro66yXWi9rsEddeEN4
Extrechinato y Tu,indie,canción,Tres puertas,2001,0sydKA8J6YGbdk9a4T7ve8
Extrechinato y Tu,indie,canción,Jugete de amor,2001,7zdJH3DQM2Q6hCtjmh8J9E
Radiohead,indie,canción,You And Whose Army?,2001,7Hg6a7tZsVTkXnBUepjZU6
Radiohead,indie,canción,Knives Out,2001,521OhfIeThXJKiTyz0m883
Extrechinato y Tu,indie,canción,Sueños,2001,7waf1kp41cuudLvbuq4k7x
Radiohead,indie,canción,I Might Be Wrong,2001,5JZ1jTanqLWVuThmZ6XRAc
Quique González,indie,canción,Crece La Hierba,2001,5j6Y0y1bMPf8YYcslRKqii
Remy Zero,indie,canción,Save Me,2001,4pkFvX3AkuiSGPkv8gMlks
Els Pets,indie,canción,Hospital Del Mar,2001,3wCqs3vZ1c1q2Ae9vgJccl
Röyksopp,indie,canción,Eple,2001,7pbEKdMWHGwPQSDGfcNycM
Röyksopp,indie,canción,So Easy,2001,4MY8NLRDPXKn6CCsGLweLL
The Shins,indie,canción,Caring Is Creepy - 2021 Remaster,2001,1d1Uc9yNUMvUb0RbakGDt0
Los Enemigos,indie,canción,Señora,2001,4y32iwNIcK4XcWtyX7sjYt
CAKE,indie,canción,Short Skirt / Long Jacket,2001,3OOFEF20WqtsUPcRbPY3L7
Quique González,indie,canción,Rompeolas,2001,2maACL5pp8biIlXn2jsXsZ
The Avalanches,indie,canción,Since I Left You,2001,2DgFCys3XMrWZDngu1CrRy
bôa,indie,canción,Elephant,2001,5OpwZViQUOos3cSrEo5qXv
The Shins,indie,canción,New Slang,2001,1wAqhAF1dynDjMy7m5CSSE
Starsailor,indie,canción,Way to Fall,2001,20fUrFnUxqCJvTO40j6DbA
Röyksopp,indie,canción,Remind Me,2001,2y8PnhXwnyHTxe72TtY58e
bôa,indie,canción,Duvet - Acoustic,2001,0wlsgzAk1LaO8MMoXxpz7W
Los Piratas,indie,canción,Disimular,2001,2d009sdguqkMOOax0OcGkY
Kings of Convenience,indie,canción,Toxic Girl,2001,00etgtb4Dsv79BRJqk52Om
Radiohead,indie,canción,True Love Waits - Live in Oslo,2001,62SvkbQm1wMS6KZtbtls1V
Kings of Convenience,indie,canción,I Don't Know What I Can Save You From,2001,4KHO9py2dphAa5pfegUojN
Els Pets,indie,canción,Estúpidament Felic,2001,7vS6uQXMpziqX63UnNJbnr
Los Enemigos,indie,canción,Septiembre,2001,2YkhKwX88xnhIA9kmlcyUl
Ian Brown,indie,canción,F.E.A.R.,2001,1zZbdQaBQ0Qj7hIUG7acyc
MercyMe,indie,canción,I Can Only Imagine,2001,1G5S1rEr4L57ftizRHcYDP
Air,indie,canción,How Does It Make You Feel?,2001,4IoqGTH2D6zMrGzg9gW0DL
Propagandhi,indie,canción,"Todays Empires, Tomorrows Ashes",2001,6Nev18KcEPgWnxyc0oz2jB
Los Piratas,indie,canción,Jugar con los coches,2001,2rQlBIx6SYjLjlVIWBOGII
Radiohead,indie,canción,Life In a Glasshouse,2001,5xJc58mBWz68WhwU2n5seR
The Bouncing Souls,indie,canción,True Believers,2001,4fRmFVMd0c1SGfzazBJIM8
bôa,indie,canción,Fool,2001,5PQwmOZwMhhV8q8QMpCRAZ
Extremoduro,indie,canción,La vereda de la puerta de atrás,2002,4kJP8Z888wREJ8bRMWNMuk
Extremoduro,indie,canción,Stand By,2002,6BxCmy6vGbuOckxg6YfQOW
Extremoduro,indie,canción,A fuego,2002,3WK3ejrcg2sOILqcxYaykU
Extremoduro,indie,canción,Hoy te la meto hasta las orejas,2002,1REM2DvMUO7c4bSSCowXum
Extremoduro,indie,canción,Cerca del suelo,2002,1FKKvyrgMdJFwf0NdM7P5Q
Caesars,indie,canción,Jerk It Out,2002,5XMjXjwCkJVmk0AHm7z8IV
Antònia Font,indie,canción,Viure Sense Tu,2002,6t18lS4oVhqSgPTBAB1QES
Los Planetas,indie,canción,Pesadilla En El Parque De Atracciones,2002,1dU5WwKslqch2IkJWtbYcH
Extremoduro,indie,canción,Menamoro,2002,764BxscdO4zfB47SB3e09H
Extremoduro,indie,canción,La vieja (Canción sórdida),2002,1utwDyQnj11yZEAab7Uvbc
Extremoduro,indie,canción,Luce la oscuridad,2002,0PsfQJ4nMRj3b5H9S3UeDK
Antònia Font,indie,canción,En s'estiu,2002,5dpoGuFGb01syYB4ZXcgk8
Natalia Lafourcade,indie,canción,En el 2000,2002,2cVJwPD5CaTx2kBZyomzGN
Quique González,indie,canción,Pájaros Mojados,2002,58SRFw19LHui4RbUBtzyRb
Interpol,indie,canción,Obstacle 1,2002,0vrlOGhCwK3xqy1xNUQJHj
Alexi Murdoch,indie,canción,Orange Sky,2002,0Y1fueUFu8jQtUxdUmOojf
Los Planetas,indie,canción,Corrientes Circulares En El Tiempo,2002,0eOEe1eGVaxNhLFDrQqp5H
The Flaming Lips,indie,canción,Do You Realize??,2002,2DFRFqWNahKtFD112H2iEZ
The Flaming Lips,indie,canción,"Yoshimi Battles the Pink Robots, Pt. 1",2002,0ccCwNzXvr1Yoz91vKz31Z
The Black Keys,indie,canción,Heavy Soul,2002,5GZq8P4Iy2smHngL07Pcuo
Interpol,indie,canción,Untitled,2002,60OY6A1Eyz3a4aPDbV7LV0
My Chemical Romance,indie,canción,Demolition Lovers,2002,16Fp67kTFhH0XK5Cl6Oz7r
Beth Gibbons,indie,canción,Tom The Model,2002,1BAiFIrzp1umGBo8H2WEfy
Antònia Font,indie,canción,S'Univers És una Festa,2002,3EyccmS6MKX0Wjjo6UwKIG
Alexi Murdoch,indie,canción,Song For You,2002,6okQlv5v9VaJEzoxBUAx4S
The Black Keys,indie,canción,I'll Be Your Man,2002,7ve0nLuGlLfqw0EbL2UZEV
Els Pets,indie,canción,Bona Nit,2002,0WBqwsSuUibGfTNec7wHBL
Interpol,indie,canción,Leif Erikson,2002,6Hr7rJyzLrkqSDZIbo8UNv
Interpol,indie,canción,PDA,2002,7i1ZAnUx3IK0qJ4PaSWa3z
My Chemical Romance,indie,canción,"Honey, This Mirror Isn't Big Enough for the Two of Us",2002,5gNVTfD1L6QrPgOf0wFo0q
Beth Gibbons,indie,canción,Mysteries,2002,7gyV3wYtZoJIrSdzNLjYvj
My Chemical Romance,indie,canción,Vampires Will Never Hurt You,2002,7J4uwuiyWB7BqIcyNdcVRl
Maga,indie,canción,Agosto Esquimal,2002,49fk6tXRrrjRmbaXtyJ268
The Black Keys,indie,canción,Busted,2002,5qnOCQW9EwKd6kG6HVecHo
Emilíana Torrini,indie,canción,Gollum's Song,2002,0mQ1btcyqFDvTpaCFs04cR
Magnet,indie,canción,Lay Lady Lay,2002,5YFlYhVwQNPjy5tmUryDRD
The Flaming Lips,indie,canción,Fight Test,2002,0ScgmigVOJr2mFsAtwFQmz
Spoon,indie,canción,The Way We Get By,2002,2k6TManBkFAweRUCH6jYny
Beth Gibbons,indie,canción,Sand River,2002,4TpsQWUmkbupdxGUIvxw0O
Los DelTonos,indie,canción,(Soy un) Hombre enfermo,2002,10ZRXNRZQes8uPHc2XHqvO
Sigur Rós,indie,canción,Untitled #4 - Njósnavélin,2002,3fjoFeVDK2ifrZ4yOCwFYC
My Chemical Romance,indie,canción,Our Lady of Sorrows,2002,46mPWQpvSFkXrr5nWoWW74
Maga,indie,canción,Diecinueve,2002,4z1XVBfsY1nYL2yedXlKOv
Quique González,indie,canción,Fiesta De La Luna Llena,2002,5KKlqRmqsxegeiNaArFmqH
My Chemical Romance,indie,canción,Early Sunsets Over Monroeville,2002,2aHqdN4K9naX3oBuUxp6zf
Adrià Puntí,indie,canción,Flors I Violes,2002,29hymjyYLN0bnBThvAuohg
Adrià Puntí,indie,canción,Viatge D'un Savi Vilatrista Cap Enlloc,2002,3PmW8bXAqsY4EpMBZ60shb
Sportfreunde Stiller,indie,canción,Ein Kompliment,2002,5QRkWkMabF6HJmQQm2HBVX
My Chemical Romance,indie,canción,Headfirst for Halos,2002,51VwpPzxUd6g94iELptagU
Interpol,indie,canción,Stella was a diver and she was always down,2002,4qkGGNwPorHL4VDHjNvLhe
Sinkope,indie,canción,En Tarros de Miel,2003,4T8yLGutRAYORcrVm0VRQN
Deluxe,indie,canción,Que No,2003,24OflD9GhkXDN6Tj2BUMg3
Elefantes,indie,canción,Que yo no lo sabía (feat. Antonio Vega),2003,6Is5sqQ8I9MRy28Vl6ojrr
The Handsome Family,indie,canción,Far from Any Road,2003,5tWPG0AU9LVjONRofHcLD0
The Postal Service,indie,canción,Such Great Heights - Remastered,2003,4G21jWo0Cm6lOIUNnZ2mUI
Yeah Yeah Yeahs,indie,canción,Maps,2003,0hDQV9X1Da5JrwhK8gu86p
Wilco,indie,canción,"Jesus, Etc.",2003,4wd09wCccmxUB7XVJp0RNn
Elefantes,indie,canción,Que yo no lo sabía,2003,1etVb3x52RHl0jzht5mtFZ
Sinkope,indie,canción,A un Beso Mío Lo Llaman Ruina,2003,6DP9VdH2tIfCX4o8SiwjBy
Radiohead,indie,canción,"There, There",2003,5h4y42RUKwYKYWgutNwvKP
The Knife,indie,canción,Pass This On,2003,0aWhxzFrP2Yyz3CetJe0xE
Radiohead,indie,canción,2 + 2 = 5,2003,4xkcGfpM9RwB4IiQ7yx2dB
La Buena Vida,indie,canción,Un actor mejicano,2003,7JdUkHwXkpZo3stGx0gETP
R.E.M.,indie,canción,The Great Beyond,2003,7w57O4o0xCTn9YpKuaPZDd
R.E.M.,indie,canción,Bad Day,2003,2vS1VzTTEgwuNpie67KvED
Fischerspooner,indie,canción,Emerge,2003,3vyKSb9sAdXl0kQ1KnS9fY
Zoé,indie,canción,Love,2003,5tyznRXlcIx0XlQ7S8iCMW
Starsailor,indie,canción,Four to the Floor,2003,4x5WbFaTTCexxBKbUyfBcG
TV On The Radio,indie,canción,Staring at the Sun,2003,1RzJ37KMEmEcxtp3SC4WFl
The Be Good Tanyas,indie,canción,Waiting Around To Die,2003,0AduS1e4FWNLdnUNmMwQQd
Belle and Sebastian,indie,canción,"Piazza, New York Catcher",2003,6Ff3ylyrkR7TV7ml9xnmvx
Deftones,indie,canción,Minerva,2003,1gzWd0ILFaCoHUfQSkCIvl
Los Piratas,indie,canción,Inerte,2003,6Y906E3RchzJeZ8EB96wjh
Goldfrapp,indie,canción,Strict Machine,2003,1SyOjtLqqqk2AVLZnRI3bk
R.E.M.,indie,canción,Losing My Religion,2003,6FBlNlVx0xrXPb9suicaMM
The Knife,indie,canción,Heartbeats,2003,5P2hEcHjoNMh33EsFPPOJE
La Casa Azul,indie,canción,Superguay,2003,7qA644gX4cV1waK45v5VEv
Roger Mas,indie,canción,I la pluja es va assecar...,2003,0t8lnoRpcTMqxTKtI2p0Q5
Radiohead,indie,canción,A Wolf At the Door,2003,3OHevW2cUT176DXWV0lHg9
Radiohead,indie,canción,Sail To The Moon,2003,7tFsUfrmyBvLdvIByreecz
Caesars,indie,canción,Jerk It Out,2003,0O8XCrGlVsaKnErfcTSSFU
The Postal Service,indie,canción,Such Great Heights,2003,75z2YLg5Lkqf6qL9XOY8tV
Broken Social Scene,indie,canción,Anthems For A Seventeen Year-Old Girl,2003,0VXp4zDspR993l2hIKW17g
Radiohead,indie,canción,Where I End and You Begin,2003,2dDqsUr11Mv0qhXByNfbJx
Deftones,indie,canción,Needles and Pins,2003,1oTKnx7AgEhA5wUs3Z8rrr
The Rapture,indie,canción,Echoes,2003,6VqKN2BTlhpNFAFAMdXgHp
Elefantes,indie,canción,Me falta el aliento,2003,70EllkZ9bbSfST6lzuUExk
M. Ward,indie,canción,Let's Dance,2003,6UZyDqriHEzM1yuB5Qlf4b
The Mars Volta,indie,canción,Inertiatic Esp,2003,16Elz7HJPLZPMylp13ewxv
Yeah Yeah Yeahs,indie,canción,Y Control,2003,5tryzDT3iMMcONq3YHWgC9
Los DelTonos,indie,canción,Horizonte eléctrico (Sweet Louisiana Sound),2003,2PH2ONwEcf5ur9Z2m3irEm
Death Cab for Cutie,indie,canción,Transatlanticism,2003,4LF1dMlOHe8VfmMut7YiIs
The RH Factor,indie,canción,Forget Regret,2003,34iP1qPyAfLpBAcMo7TQfN
The Postal Service,indie,canción,Clark Gable,2003,4H6Xtdvg1uQOzcu5KpE6J3
Mogwai,indie,canción,Kids Will Be Skeletons,2003,3xogCrlDsnIZ7nQo8VvRL6
Sinkope,indie,canción,De la Piel del Diablo,2003,6FI6Or7J999khPVEgQbwUj
Zoé,indie,canción,Soñé,2003,4oMaBqivBDg7ID3EHtydeX
The Postal Service,indie,canción,The District Sleeps Alone Tonight - Remastered,2003,3l14MJpQB4tFFgKLqUqtV3
Desorden Público,indie,canción,Tiembla - En Vivo,2003,6tJn0JYD6QKE6eXbh4829b
Death Cab for Cutie,indie,canción,A Lack of Color,2003,7eODmTZh5wkd032bW1xK4l
Franz Ferdinand,indie,canción,Take Me Out,2004,20I8RduZC2PWMWTDCZuuAN
Billie The Vision & The Dancers,indie,canción,Summercat,2004,1G5JaDf4CTkyoLRAO0pAYH
Extremoduro,indie,canción,"Ama, ama, ama y ensancha el alma - Versión 2004",2004,06LdeHlnBLBDUb87cgBef0
Franz Ferdinand,indie,canción,This fffire - New Version,2004,46gSk82duJtX3TTA182ruG
Arcade Fire,indie,canción,Wake Up,2004,6Hmj7SrLRbreLVfVS7mV1S
Ray LaMontagne,indie,canción,Jolene,2004,0oOY4xChdxmGgpyQrY2FBz
Kings of Convenience,indie,canción,Misread,2004,3O090PYVo1do7s3PMCoVoz
Els Pets,indie,canción,Pau,2004,0DiYxE4c66yPMHgEpD1qt6
Los Piratas,indie,canción,Años 80 (feat. Amaral) - En directo,2004,1WI8TEqXnJyCTH2KGvN3Fg
Interpol,indie,canción,Evil,2004,6zPOdhLim2vbcLo0rfjDjq
Arcade Fire,indie,canción,Rebellion (Lies),2004,0xOeB16JDbBJBJKSdHbElT
Kimya Dawson,indie,canción,You Love Me,2004,4BqIT4j2xzROrC9dMlgXPT
Sinkope,indie,canción,A Merced de las Olas,2004,6gwNdy1GnnE0HwmXDneh6P
Franz Ferdinand,indie,canción,The Dark Of The Matinée,2004,6gaWfLDoeG1eoiDAVBN4i8
Starsailor,indie,canción,Four to the Floor - Thin White Duke Mix; Short Version,2004,0Hx249i8UGY4cWLjmo1eIH
Extremoduro,indie,canción,No me calientes que me hundo - Versión 2004,2004,0Iwnl26lJCOtbyAnsIfDNW
Modest Mouse,indie,canción,Float On,2004,2lwwrWVKdf3LR9lbbhnr6R
Kings of Convenience,indie,canción,Know How,2004,6yIyrlTO06MAWqzSAEfjMh
Els Pets,indie,canción,Agost,2004,05cL2TWpCIRtF601wHUCO7
The National,indie,canción,About Today - 2021 Remaster,2004,2w55zgyrG40D5ppKj4XxdK
Extremoduro,indie,canción,Necesito droga y amor - Versión 2004,2004,1s1fU6KI2tlFgeBDccvkXu
Ray LaMontagne,indie,canción,Hold You in My Arms,2004,0OiCqRaoKK6nuSIty8zHjl
The Hives,indie,canción,Walk Idiot Walk,2004,5Pdd4QCr0rREXM03zBM2Eh
Kasabian,indie,canción,Club Foot,2004,35b08f3X5XiuTV0oJHZB9g
Extremoduro,indie,canción,"Ama, ama, ama y ensancha el alma - Instrumental",2004,3J1BRES56xoDocaPCQRoLR
Extremoduro,indie,canción,La vereda de la puerta de atrás - Versión 2004,2004,1KPLNOTQDSWe68ea6JUjpx
Iron & Wine,indie,canción,Naked as We Came,2004,6UIxGIqWlO5wsddY44AV1R
Kings of Convenience,indie,canción,I'd Rather Dance With You,2004,119MXpXxpY20WUkDIdE6U4
Ray LaMontagne,indie,canción,Trouble,2004,3EYPQzSf6xrUdifslF8EhW
Franz Ferdinand,indie,canción,This Fire,2004,3Obu3jvFSfgLF3pSbi64Vj
Kasabian,indie,canción,L.S.F.,2004,0w21XZhGlmIexgtDpmtnzT
R.E.M.,indie,canción,Leaving New York,2004,4lgVbDYZR1VV4gEkIueSiw
The Sunday Drivers,indie,canción,On My Mind,2004,5A7ibCPylGm6Di22NDrCgL
My Chemical Romance,indie,canción,You Know What They Do to Guys Like Us in Prison,2004,5bTuwAgYUD5MABOIPH8ZMt
Air,indie,canción,Cherry Blossom Girl,2004,4m8ttWM8IKXyhpv89E867J
Extremoduro,indie,canción,Tu corazón - Versión 2004,2004,19lTZpnrK6fRJd6b3LKfP1
Sufjan Stevens,indie,canción,To Be Alone With You,2004,12homE4JpBey5cckgoepR7
My Chemical Romance,indie,canción,Thank You for the Venom,2004,0BpKPyXhWsTaWkgXeOd1Sn
Air,indie,canción,Alone in Kyoto,2004,40UlFC0dIxv7lAEJaPZLnm
Extremoduro,indie,canción,Jesucristo García - Versión 2004,2004,19YMl1jI5e4s5GsfCiLMrl
Extremoduro,indie,canción,Pepe Botika (Dónde están mis amigos) - Versión 2004,2004,2JH7eG9TBA8lhIBeIQam7d
Arcade Fire,indie,canción,Neighborhood #1 (Tunnels),2004,0WZZJ0mDKIkLfL0710ssZt
Sinkope,indie,canción,Humo de Contrabando,2004,68c1yBiTz2hWfTQnWknCWg
Kings of Convenience,indie,canción,Homesick,2004,2MTZjX6nfGpXu0tR1AOVou
Feist,indie,canción,Mushaboom,2004,30z3PlzkPYVNUzhpkTT3UY
Kasabian,indie,canción,Club Foot,2004,6C0xucNj75wRdlejwWIEW1
Lori Meyers,indie,canción,Tokio Ya No Nos Quiere,2004,0lhq8QpifBoG1LGIZRgpyR
Sinkope,indie,canción,Al Socuello de Tus Pechos de Seda,2004,1UWE4atUJjxzpr9o3JRjb5
Interpol,indie,canción,Slow Hands,2004,4ZTczxCALS91VjEKWPX2DR
Old Crow Medicine Show,indie,canción,Wagon Wheel,2004,5aAHai9OzUlkYPk2TJ4LLp
Ivan Ferreiro,indie,canción,Turnedo,2005,541hgOF71B92Jpg4IU6kyx
Extremoduro,indie,canción,Bribriblibli - Versión 2004,2005,6cYs5hD11CLkWPvtvBG5L7
Bloc Party,indie,canción,Banquet,2005,4juzduULFJiZVIcrC1tkxE
Franz Ferdinand,indie,canción,Do You Want To,2005,6WrnSlcN0dzTO80mVVbBto
Extremoduro,indie,canción,Quemando tus recuerdo - Versión 2004,2005,45vd3fY7VmFG5LrE7OqIaF
Caesars,indie,canción,Jerk It Out,2005,1bx7OUl2UmAnA5oZkm9If7
Bloc Party,indie,canción,Helicopter,2005,5OVHnu9SgsdAravy4UyGq4
Bright Eyes,indie,canción,First Day of My Life,2005,0eBryM7ePQH3Klt3jz8xZd
Ivan Ferreiro,indie,canción,SPNB,2005,3gy6bTJQfwO7rvMSDa4ZSX
Facto Delafe y las flores azules,indie,canción,Enero en la playa,2005,642KjrCtnxAq0NjEwcC58P
Tally Hall,indie,canción,The Bidding,2005,0HBrtXJohbIW4IhPZ50GmH
Sidonie,indie,canción,Fascinado,2005,7xf6KIyZMe7woSda2dnHAL
Tally Hall,indie,canción,Hidden In the Sand,2005,0RjG5JmdOWXAR68dGlKBA5
Deftones,indie,canción,Please Please Please Let Me Get What I Want - 2005 Remaster,2005,68FuXWn3fGYMB7sJzdRHPz
Love of Lesbian,indie,canción,Domingo Astromántico,2005,2vgIjUZgqDShwk5fHPB4FC
Ivan Ferreiro,indie,canción,Abrázame,2005,3UzrxjmO8YZyz7NUSrOvss
Mindless Self Indulgence,indie,canción,Shut Me Up,2005,3oZUlZMXkj51AyYG8lGaE7
Sufjan Stevens,indie,canción,Chicago,2005,1yupbrI7ROhigIHpQBevPh
Bloc Party,indie,canción,This Modern Love,2005,1798MQBd3lfqa7joQ0ZAEF
Röyksopp,indie,canción,What Else Is There?,2005,2cTOee6bTauDFK1QuDS1BD
Editors,indie,canción,Munich,2005,1TF8mSG5YHyaS4o3NeBSAo
Thirteen Senses,indie,canción,Into The Fire,2005,3mGGrT3NVzpa2M9gnocR45
The Bravery,indie,canción,An Honest Mistake,2005,203c3jfQ4JZn1BBfXG84I4
Franz Ferdinand,indie,canción,Walk Away,2005,3o4pHqlbe6Ehev2lYnIh5T
Death Cab for Cutie,indie,canción,I Will Follow You into the Dark,2005,2ndWbjiiNBEOrlfToKlABE
Sigur Rós,indie,canción,Hoppípolla,2005,6eTGxxQxiTFE6LfZHC33Wm
Facto Delafe y las flores azules,indie,canción,Mar el poder del mar,2005,6ocEqJbiybvhxfpBTUHBc1
Love of Lesbian,indie,canción,Música de Ascensores,2005,3tnmS2dhJICjZoJdxMfDRm
Goldfrapp,indie,canción,Ooh La La,2005,3E0gVkirGK2ouGHPuOO9cN
Bloc Party,indie,canción,So Here We Are,2005,7Jbf5qUrjaRIQG2GAkabKB
Mindless Self Indulgence,indie,canción,What Do They Know?,2005,5abubE0dYFaEPDeM2sZ4TY
Extremoduro,indie,canción,Stand By - Versión 2004,2005,4SnPz4iy5MAw72LIYYgQp6
OK Go,indie,canción,Here It Goes Again,2005,1pHP4JeQV9wDx87D6qH9hD
The Uski’s,indie,canción,Horrelako,2005,3qUZ0BIrO9nin9tJBbXaBM
Love of Lesbian,indie,canción,Mi Personulidad,2005,3F7nwbJD1aKleOGKqyDK4C
Syd Matters,indie,canción,Obstacles,2005,2ynCjjrmED5CfiVn2ZLkUk
Death Cab for Cutie,indie,canción,Soul Meets Body,2005,6Wuv7MrhesuDsuGv8vcrOd
Gossip,indie,canción,Standing In the Way of Control,2005,7B6jxcVkJTHMUE83ZndMjl
Love of Lesbian,indie,canción,Maniobras de Escapismo,2005,4rlYFVUSHSWlbyjPwnvhqA
Extremoduro,indie,canción,Amor castúo - Versión 2004,2005,09tuFvf0nk5oWy2wEMTs5j
Richard Hawley,indie,canción,The Ocean,2005,1Xm7HoeUAd75qGEyDvLBtQ
LCD Soundsystem,indie,canción,Daft Punk Is Playing at My House,2005,73mlvsfJM2qwlDUJxeaatI
Extremoduro,indie,canción,Decidí - Versión 2004,2005,3iOEIm4jJRncdubMu9IGbl
Mishima,indie,canción,Cert clar i breu,2005,5QZYa10nuaUoZ30FwpgphX
Arctic Monkeys,indie,canción,Bigger Boys and Stolen Sweethearts,2005,4TC0dnB5DxvoKcsalffFZe
Syd Matters,indie,canción,To All of You,2005,7yC7FWZz24L43brXzNpLWT
Ivan Ferreiro,indie,canción,El viaje de Chihiro,2005,2IMmURzMe1rADECkZBmTgC
Ivan Ferreiro,indie,canción,Canciones para el tiempo y la distancia,2005,2GLqqzqjG0uT0hf37NDOd1
Federico Aubele,indie,canción,Postales,2005,4OSCQAeVcuANZNzL9220ye
Mindless Self Indulgence,indie,canción,Stupid MF,2005,5x72ol5TLUO0ymkQr4JuWB
Eminem,hip hop,canción,The Real Slim Shady,2000,3yfqSUWxFvZELEM4PmlwIR
Eminem,hip hop,canción,Stan,2000,3UmaczJpikHgJFyBTAJVoz
Outkast,hip hop,canción,Ms. Jackson,2000,0I3q5fE6wg7LIfHGngUTnV
Eminem,hip hop,canción,Bitch Please II,2000,7lgvU7WnwcNZ8dbGUz8yhP
Eminem,hip hop,canción,The Way I Am,2000,23wfXwnsPZYe5A1xXRHb3J
Outkast,hip hop,canción,"So Fresh, So Clean",2000,6glsMWIMIxQ4BedzLqGVi4
Nach Scratch,hip hop,canción,Basado en hechos reales,2000,5YcF2yE63JW70yfB9rIprG
Nelly,hip hop,canción,Ride Wit Me,2000,3Gf5nttwcX9aaSQXRWidEZ
Eminem,hip hop,canción,Kill You,2000,5eGEc27nnhtmcOh6RC890a
Mala Rodríguez,hip hop,canción,Tengo Un Trato,2000,3sg4RFemnrzSDr0LpaxqCy
Eminem,hip hop,canción,Under The Influence,2000,5H3B1WtZYGmyOYOXgQltKU
Ice Cube,hip hop,canción,Hello,2000,60uesDF4UyLUs61FgiDkdp
Rage Against The Machine,hip hop,canción,Renegades Of Funk,2000,5YBVDvTSSSiqv7KZDeUlXA
M.O.P.,hip hop,canción,"Ante Up (feat. Busta Rhymes, Teflon & Remi Martin) - Remix",2000,5osSw3tL07Tuid7AWsvYcc
Ice Cube,hip hop,canción,You Can Do It,2000,4NTn0Yo8hTGW5tbBANBzfh
7 Notas 7 Colores,hip hop,canción,Nikes Nuevas,2000,2TSqk55pW2FmfEEJRWDukH
Cypress Hill,hip hop,canción,(Rock) Superstar (feat. Chino Moreno & Everlast),2000,5hYr8yRbQLFE20oS7Mi3T2
Snoop Dogg,hip hop,canción,Lay Low,2000,0YHI5hydPPth6J5UOzdLDX
Xzibit,hip hop,canción,X,2000,5stZnlPMYz3Ba8Hbo3ajlP
Eminem,hip hop,canción,Criminal,2000,18ohWhzbMCynq5QJ68ifkW
Rage Against The Machine,hip hop,canción,How I Could Just Kill a Man,2000,4K1DB7EedHPuVnhVrnvf2U
Bonobo,hip hop,canción,Terrapin,2000,6G1lPm5H051kZL5rJHvXEv
Dead Prez,hip hop,canción,Hip-Hop,2000,2HoDr1yVksl19omOhc1zWy
Magnatiz,hip hop,canción,Ciudad Maravilla,2000,24mTjMPf2tFVwI3CD9n3BT
Violadores Del Verso,hip hop,canción,Atras,2000,6RVlheiIObPDayPkUiBxRp
Eminem,hip hop,canción,I'm Back,2000,3xVtc7PB4V3AqAfq4Iahli
Dr. Dre,hip hop,canción,Deep Cover,2000,0pQynoxBL4AvYyt67pZ74x
Nelly,hip hop,canción,Country Grammar (Hot Shit),2000,3wMUvT6eIw2L5cZFG1yH9j
Ludacris,hip hop,canción,What's Your Fantasy (Featuring Shawna),2000,4LwOrnuxJwR7C5Sw4liY4Z
Ja Rule,hip hop,canción,Put It On Me,2000,0OvwzS8FX73Bw7ykMRmffU
De La Soul,hip hop,canción,All Good?,2000,6Epbp3MOBM6UnFHyJokEAI
Mala Rodríguez,hip hop,canción,Yo Marco El Minuto,2000,4OYN4kU73FPnEE2k1l7Bwp
Outkast,hip hop,canción,B.O.B. - Bombs Over Baghdad,2000,3WibbMr6canxRJXhNtAvLU
Eminem,hip hop,canción,Marshall Mathers,2000,3X4Oz9LjhhtgyOhVNlfoYa
Black Rob,hip hop,canción,Whoa!,2000,71u5SjnkSQgzIt1UzHchbi
Rage Against The Machine,hip hop,canción,Pistol Grip Pump,2000,0lsDJ0EkccufmSM43P28TQ
Nach Scratch,hip hop,canción,Compite,2000,1Xm4ATvvEKx0e2GlLDmpOs
Violadores Del Verso,hip hop,canción,Rap Solo Universidad,2000,2JjBqsvRz7QeuI8ocUXDqt
Guru,hip hop,canción,Keep Your Worries,2000,2iYM4CGkoTfsLw9MI5K1AC
Bow Wow,hip hop,canción,Bow Wow (That's My Name) (feat. Snoop Dogg),2000,3RnLEACttdwU6futFsaflI
Nach Scratch,hip hop,canción,Cambiando el mundo,2000,2bJSt73icqmJo1bCr2EN8V
M.O.P.,hip hop,canción,Ante Up (Robbin Hoodz Theory),2000,550JPXXPgjr1xqxtKIaX6b
Capone-N-Noreaga,hip hop,canción,Invincible,2000,2217fjGdGIdPpZ0zeo4z8r
Violadores Del Verso,hip hop,canción,Nadie Lo Haze - Remix,2000,5jV2YM4g5proanKNCUpmVi
M.O.P.,hip hop,canción,Cold as Ice,2000,493CPxYEHHzXeSdnp8Ul73
Bonobo,hip hop,canción,The Plug,2000,6HGbrlmb37enHxutPPZXgz
JAY-Z,hip hop,canción,I Just Wanna Love U (Give It 2 Me),2000,0s46SltT4On0Z6kglK1I5c
Mala Rodríguez,hip hop,canción,En Mi Ciudad Hace Caló,2000,0uHJKhjjXAXPd6spJCzV3N
Ice Cube,hip hop,canción,Until We Rich,2000,6l3b8BOBDRDM1ne9fpOygz
Outkast,hip hop,canción,Ms. Jackson,2000,6jhKHT8iIdRPG9LFn2FuAZ
Gorillaz,hip hop,canción,Clint Eastwood,2001,1RKUoGiLEbcXN4GY4spQDx
Violadores Del Verso,hip hop,canción,Vicios y Virtudes,2001,4fjMMRylitPre5mh7AzbP0
Violadores Del Verso,hip hop,canción,Ninguna Chavala Tiene Dueño - Porque Ella Me Lo Dijo,2001,5fIJBM9OxVNiu4fQLX9vqo
995,hip hop,canción,Contra Todos,2001,13FbVnmgiKZdKMHPly1ekQ
Fat Joe,hip hop,canción,What's Luv? (feat. Ja-Rule & Ashanti),2001,2mKouqwAIdQnMP43zxR89r
Gorillaz,hip hop,canción,19-2000,2001,71koAFCnGnugRdGIDfS7f4
Violadores Del Verso,hip hop,canción,Balantains,2001,245JnXcwBQqXA7oKs3aH3P
Morodo,hip hop,canción,Babilonia,2001,6X8Yjdu2Xkq6j13BL8koYf
Ice Cube,hip hop,canción,You Know How We Do It,2001,67ncYmW29pNJJY2yXuLPwT
Ja Rule,hip hop,canción,Always On Time,2001,2hNf1rawV2XAZ6Jld2Fxwf
Violadores Del Verso,hip hop,canción,Trae Ese Ron,2001,55RQYmseuxRjH8jFY4aeFU
Violadores Del Verso,hip hop,canción,Mierda,2001,6dmdcmKuGv8wLMwwCrCuya
Violadores Del Verso,hip hop,canción,La Ciudad Nunca Duerme,2001,4od2zFM3qhhaVCG2wyHWkL
2Pac,hip hop,canción,Lil' Homies,2001,6vBMMa2erexusV4XrgXea9
Busta Rhymes,hip hop,canción,Break Ya Neck,2001,7gKgd0P3dAAePiSQQBqrlf
USHER,hip hop,canción,U Remind Me,2001,2QsZVnbWVSjKMXK6K3uRBL
Missy Elliott,hip hop,canción,Get Ur Freak On,2001,6zsk6uF3MxfIeHPlubKBvR
USHER,hip hop,canción,U Got It Bad,2001,7J41dYQolQJEtj3UmKLu5r
Violadores Del Verso,hip hop,canción,Modestia Aparte,2001,5v1eYf94IBejfMFkOOXyoX
Ice Cube,hip hop,canción,Check Yo Self - Remix,2001,0dhxE0JTayqMycMva3D3rM
Dilated Peoples,hip hop,canción,Worst Comes To Worst - Edited,2001,7aSnPAggMMgElb6BgXeSEw
The Beatnuts,hip hop,canción,Se Acabo (feat. Method Man),2001,4F3AZKEJubvPsl0hBArVBW
Gorillaz,hip hop,canción,Tomorrow Comes Today,2001,6BL4PpswVjH9BAajbIbpmZ
Method Man,hip hop,canción,Part II,2001,2n7h09QrGitVul66b2D8Re
Violadores Del Verso,hip hop,canción,"Marrones, Morenas, Coronas",2001,3siPRq3QxmYeOX79eTKyr5
D12,hip hop,canción,Fight Music,2001,3vBv2Tp0kHyBDUBZJr9GXQ
Gorillaz,hip hop,canción,19-2000 - Soulchild Remix,2001,1PpfeNl5uYRBhfFcig2Uz6
Immortal Technique,hip hop,canción,Dance With The Devil,2001,4LCzEYKPFcd2FCOmZdVDnM
DMX,hip hop,canción,We Right Here,2001,4jttAL9l4N4cFnrLeYcICI
Violadores Del Verso,hip hop,canción,Por Honor,2001,3k5V2W649LTwyvNG2zgQay
Gorillaz,hip hop,canción,Rock the House,2001,0UQNHlrHiz19Htk7YTLVe5
Ice Cube,hip hop,canción,It Was A Good Day,2001,2GrOq1y5gksYrqkc8Jzl9T
Gorillaz,hip hop,canción,5/4,2001,5Q10MhatY5DkgBfbWUkRpN
Ludacris,hip hop,canción,Area Codes,2001,3lcC9CnN7Rpo1ugATzmYjY
Nate Dogg,hip hop,canción,Music & Me,2001,2212oBX0YELcs0sr6DqGer
Diddy,hip hop,canción,Bad Boy for Life,2001,2eOuL8KesslTLQERQPu11D
Violadores Del Verso,hip hop,canción,"Que Te Importan Todos los Demás (Inspiración, Aspiración)",2001,5hkC3KSTsrCBnRIpcE0AWH
FRANK T,hip hop,canción,Exito es un tomo,2001,639nOXncVablKPItvmkoCq
Violadores Del Verso,hip hop,canción,Un Gran Plan,2001,1AJFA6r11P8M74KeWvmD36
D12,hip hop,canción,Purple Pills,2001,5IweeQZdY5XEzStLzUJG5t
2Pac,hip hop,canción,Breathin,2001,7k4dnllwnFDizWHAWkYXsh
Morodo,hip hop,canción,Yo Me Levanto,2001,5s3vTY0gH1p1ZHM3XlKna4
Ja Rule,hip hop,canción,Livin' It Up,2001,68ZXSfqZbAVgObLCt8Gvbi
Ja Rule,hip hop,canción,Furious,2001,4xh98RD1TjVR4nHa47iH72
JAY-Z,hip hop,canción,Heart Of The City (Ain't No Love),2001,6gpZSI0xEMTzleBc5ykOVA
Nate Dogg,hip hop,canción,I Got Love,2001,52riputZ4Vo5PG9MOSy6r5
FRANK T,hip hop,canción,Verdad,2001,61ItYM3ZBadtcTNJIJztZ6
Ludacris,hip hop,canción,Move Bitch,2001,1Q9b6CeMcDuO0uq5OJCrqu
2Pac,hip hop,canción,Letter 2 My Unborn,2001,1MruDoJ6IXqy9ar20xfKVx
Jagged Edge,hip hop,canción,Where the Party At (feat. Nelly),2001,5mNV8Mz59bzyuQ53gTw0c0
Eminem,hip hop,canción,Without Me,2002,7lQ8MOhq6IN2w8EYcFNSUk
Aventura,hip hop,canción,Obsesion,2002,65H6t1WQBim6q93yM8fEwn
Eminem,hip hop,canción,Till I Collapse,2002,4xkOaSrkexMciUUogZKVTS
Eminem,hip hop,canción,Superman,2002,4woTEX1wYOTGDqNXuavlRC
Aventura,hip hop,canción,Enseñame a Olvidar,2002,79MlVxKj43tDISSISiVHJM
Nelly,hip hop,canción,Dilemma,2002,0ARK753YaiJbpLUk7z5yIM
Eminem,hip hop,canción,Sing For The Moment,2002,3CpoeW0cZSDzIRv5z34F87
Aventura,hip hop,canción,Todavia Me Amas,2002,0wJTj7BfrMEJ30x63A1lh4
Grits,hip hop,canción,Ooh Ahh (My Life Be Like) [feat. Tobymac],2002,1KBN9lYx9QkfUJC3NSXlhQ
Eminem,hip hop,canción,Cleanin' Out My Closet,2002,7BMO7O7ImjV8HNTH74Tshv
Eminem,hip hop,canción,Business,2002,0x60P5taxdI5pcGbqbap6S
Busta Rhymes,hip hop,canción,I Know What You Want (feat. Flipmode Squad),2002,3oairMMtNVnUppKwroxou4
JAY-Z,hip hop,canción,03' Bonnie & Clyde,2002,5ljCWsDlSyJ41kwqym2ORw
Nelly,hip hop,canción,Hot In Herre,2002,04KTF78FFg8sOHC1BADqbY
Rapsusklei,hip hop,canción,Jazz Elak Olé,2002,6lVIubLaetv8EP3ClUhghT
Aventura,hip hop,canción,Amor de Madre,2002,7Ka96TnEA9S6aWG4pIS9RW
Snoop Dogg,hip hop,canción,Beautiful,2002,7FrJV8tydWEv1Mxu2mIQrm
Busta Rhymes,hip hop,canción,I Know What You Want (feat. Flipmode Squad),2002,0YImOCkIJ2PWhCXaURCZnY
Missy Elliott,hip hop,canción,Work It,2002,3jagJCUbdqhDSPuxP8cAqF
The Roots,hip hop,canción,The Seed (2.0),2002,6HxweNytuEQdmGeVtZPZz3
Run–D.M.C.,hip hop,canción,It's Like That,2002,0CtkjgZpkgnW7U6WmHsakD
Lil Jon & The East Side Boyz,hip hop,canción,Get Low,2002,0r2Bul2NuCViraT2zX1l5j
Fat Joe,hip hop,canción,What's Luv? (feat. Ashanti),2002,2eSJflipjhSKLExuSwuFrO
DJ Shadow,hip hop,canción,Six Days - Remix,2002,6ifNuuYjiS5NdMabN4Jvrs
Ja Rule,hip hop,canción,Mesmerize,2002,5dL5jv5GSCRoDhTtnY8maL
Eminem,hip hop,canción,8 Mile,2002,5NmL2zxnlt9GiTB2TQbvFM
Aventura,hip hop,canción,Nueve y Quince - 9: 15,2002,1LitgN2tFmNVEtLY6qh5SZ
Falsalarma,hip hop,canción,Desde Mi Ventana,2002,5rvwFXqovvVLIX2ZwbMjoM
Falsalarma,hip hop,canción,El Santo,2002,7LA0vf5g3mCi6cbjRJXdWO
Nas,hip hop,canción,Get Down,2002,3UYuDTslR35thjQzaVwRMe
Cypress Hill,hip hop,canción,Illusions - Harpsichord Mix,2002,2Bhqg1ONbtcFBTR96H7oQw
Eminem,hip hop,canción,Soldier,2002,5QD28FqaM3jTfsqWwvRZwv
Nelly,hip hop,canción,Dilemma (feat. Kelly Rowland),2002,14MgTooapmJdLlEMAr2zAM
Diddy,hip hop,canción,"I Need a Girl (Pt. Two) [feat. Ginuwine, Loon, Mario Winans & Tammy Ruggieri]",2002,0sMIqkhsrKaIU3G1WwlY2X
Eminem,hip hop,canción,White America,2002,15qrWkkYCfmtu1uRpGf48L
Dj Joe,hip hop,canción,Te la Tiro Pa Que Bailes,2002,4y9Yn8z2cUVvmSPFMEVirk
Eminem,hip hop,canción,Hailie's Song,2002,6Db8IlZ7YY1pfIjJllejyH
2Pac,hip hop,canción,Better Dayz,2002,5dRCujBQZQq6dlkCaGDMV0
2Pac,hip hop,canción,Thugz Mansion - 7 Remix,2002,3eBBbAEBQdr6tkUUd8gyuQ
Nas,hip hop,canción,I Can,2002,2NPxL1QqPrD1a7OLHjVcAP
Eminem,hip hop,canción,Square Dance,2002,27mgDrExPa3obPAYXd3yQg
Xzibit,hip hop,canción,My Name (feat. Eminem & Nate Dogg),2002,04w57GO5p1763E44KQ8AKB
D12,hip hop,canción,Rap Game,2002,3WgTbafC5uRpdQdFndQYxE
Eminem,hip hop,canción,When The Music Stops,2002,73qINA7ccO03wxD8nsJalr
Eminem,hip hop,canción,My Dad's Gone Crazy,2002,3F14hbIqy1JKKLTb1mzdYV
Nas,hip hop,canción,Purple,2002,42qK1JWm8fDy3qHZbIZNuQ
Cypress Hill,hip hop,canción,Lowrider - Edited LP Version,2002,4Q1V7XFkTIXonJst5QqLAA
RJD2,hip hop,canción,Ghostwriter,2002,5Nn2Dj7OQsGL6pgQ9iIzPp
Eminem,hip hop,canción,Without Me,2002,2YaiY5Cr8IFv0X0YRZDNzV
Ms. Lauryn Hill,hip hop,canción,I Gotta Find Peace of Mind - Live,2002,6ocxCGYgcmZhCeTT1yuNkt
Don Omar,hip hop,canción,Dile,2003,69Ej1xrGjOcHvIMtMKxK0G
Tego Calderón,hip hop,canción,Pa' Que Retozen,2003,5YJ4BVvTFmVCxUyhKejHfR
Don Omar,hip hop,canción,Dale Don Dale,2003,1PZrHbJjt5t7dP9OGRxcD0
50 Cent,hip hop,canción,In Da Club,2003,7iL6o9tox1zgHpKUfh9vuC
Outkast,hip hop,canción,Hey Ya!,2003,2PpruBYCo4H7WOBJ7Q2EwM
50 Cent,hip hop,canción,P.I.M.P.,2003,3G0yz3DZn3lfraledmBCT0
50 Cent,hip hop,canción,21 Questions,2003,70FCugJxa7XW04Np6iYJdI
Nicky Jam,hip hop,canción,Yo no Soy Tu Marido,2003,2h9ymIolsmYaqwtxn69fXj
50 Cent,hip hop,canción,Many Men (Wish Death),2003,5STdMlrBf6pqWiNE7WqxSi
Tego Calderón,hip hop,canción,Dominicana,2003,45IOnEpVUdxWUZFqpZ7Xvz
Aventura,hip hop,canción,Hermanita,2003,6ExIo2QuQcqkJKYRIfNtNE
50 Cent,hip hop,canción,If I Can't,2003,6mcu7D7QuABVwUGDwovOEh
Aventura,hip hop,canción,Te Invito,2003,5UdT2XVZPgZDMi7vxQBgRN
Don Omar,hip hop,canción,Aunque Te Fuiste,2003,2y20Y2PP4EFCbdzeGk9WvS
DMX,hip hop,canción,X Gon' Give It To Ya - Int'l Bonus track,2003,66orjI5vOkyxOZLHWrPklh
G-Unit,hip hop,canción,Poppin' Them Thangs,2003,4E5IFAXCob6QqZaJMTw5YN
Tego Calderón,hip hop,canción,"Guasa, Guasa",2003,6sfBQReZH9v9tYSs82Xt1O
Tego Calderón,hip hop,canción,Abayarde,2003,4AUMwz00G4hFZxY26MyoWV
50 Cent,hip hop,canción,P.I.M.P. - Snoop Dogg Remix,2003,0fLILzjVXRCLC0lsNKcQ8I
Aventura,hip hop,canción,Mi Niña Cambió,2003,3ORQsL0g4APGsXoqD5tkpm
Aventura,hip hop,canción,Llorar,2003,4M4oSbEjB8Z94039uyjXuO
DMX,hip hop,canción,Where The Hood At,2003,6RUpJeXT6U4SPEafnr9Wr7
Nach,hip hop,canción,Amor Libre,2003,1PT0H11VO2JSWjsCPR0CBd
Nicky Jam,hip hop,canción,Me Voy Pa'l Party,2003,634SIK3O65qhslx5DLX44X
Molotov,hip hop,canción,Frijolero,2003,5YyetAy34sgROhslaW3BZc
Tego Calderón,hip hop,canción,Al Natural,2003,3tCdDVn9yseorLuljdFugA
Nach,hip hop,canción,Ser o No Ser,2003,2OpBmr0iXF3zVSwYy7GYz3
Don Omar,hip hop,canción,Tu Cuerpo Me Arrebata,2003,7iaBCftpUSjnBERFcyQxO9
50 Cent,hip hop,canción,Patiently Waiting,2003,6C781pluv3BPxGHHCUJNYc
Nach,hip hop,canción,Chico Problemático,2003,40lYti7pxLGRqpwIxRui95
Aventura,hip hop,canción,La Pelicula,2003,4MSVpbF5oOFyOxpsmbFAsH
Yandel,hip hop,canción,Te Suelto el Pelo,2003,0Gh6QG4Z1pSvIo7btP1Ux4
La Excepcion,hip hop,canción,Oye Compai,2003,538zkgS4TUwhZYMDzXoKUR
Dogma Crew,hip hop,canción,Chúpala,2003,0IuHaSC1hgVCUMvGw2YPNx
Yandel,hip hop,canción,La Calle Me Lo Pidio,2003,2h2BxMOTXrYAApqWQ6ZqTy
Nach,hip hop,canción,Desafio,2003,5PbkHjM5LQMKp6N9a1OvUY
Aventura,hip hop,canción,La Guerra,2003,5YWDBWdpnCjPseDPpENgYx
Eminem,hip hop,canción,Go To Sleep,2003,66ezChUOWvgzRQAi3Ay1wt
Ludacris,hip hop,canción,Act A Fool,2003,28mv40MzspRZn0PBcO2itT
Daddy Yankee,hip hop,canción,Aqui Esta Tu Caldo,2003,0pHxl604r0OYmGdMNtbTyY
Don Omar,hip hop,canción,La Noche Esta Buena,2003,5MZPpz8RNYuiMpH95W8usJ
Tego Calderón,hip hop,canción,Cambumbo,2003,0cog8n6942onRBaNJ6vTqH
Panjabi MC,hip hop,canción,Mundian To Bach Ke,2003,2LxAeJ9KUj1GRS9oeHgQ3i
50 Cent,hip hop,canción,Wanksta,2003,2eXlwgFPe6HgFaPJO8xQHK
Don Omar,hip hop,canción,Dale Don Mas Duro,2003,3xUwL5FU0yyFS2g0KPNTfI
Don Omar,hip hop,canción,Provócandome,2003,5ZKpfyH1GuLlml6ZHeEUnX
Aventura,hip hop,canción,Defa Vú,2003,1x27vVrC2P7WPlW2tCsjGu
Baby Bash,hip hop,canción,Suga Suga,2003,6Nq5lE0CeOAAAqN4qhkbZU
Outkast,hip hop,canción,Roses,2003,6bUNEbXT7HovLW6BgPCBsb
Ja Rule,hip hop,canción,Clap Back,2003,1FK0sZfZzCAIDUn7htCemp
Eminem,hip hop,canción,Mockingbird,2004,561jH07mF1jHuk7KlaeF0s
Eminem,hip hop,canción,Lose Yourself,2004,1v7L65Lzy0j0vdpRjJewt1
USHER,hip hop,canción,Yeah! (feat. Lil Jon & Ludacris),2004,5rb9QrpfcKFHM1EUbSIurX
Ivy Queen,hip hop,canción,Quiero Bailar,2004,5JLV62rg4jtnoElc4P9F6K
Tego Calderón,hip hop,canción,Al Natural (feat. Yandel),2004,49vwUeeauJgEQxDViXA01C
Diddy,hip hop,canción,"I'll Be Missing You (feat. Faith Evans, 112)",2004,3QHONiXGMGU3z68mQInncF
Snoop Dogg,hip hop,canción,Drop It Like It's Hot,2004,2NBQmPrOEEjA8VbeWOQGxO
Kanye West,hip hop,canción,All Falls Down,2004,5SkRLpaGtvYPhw02vZhQQ9
JAY-Z,hip hop,canción,Numb / Encore,2004,5sNESr6pQfIhL3krM8CtZn
USHER,hip hop,canción,My Boo,2004,68vgtRHr7iZHpzGpon6Jlo
Ivy Queen,hip hop,canción,Quiero Saber,2004,5urJPdx62YBXvdc1MXfi06
MF DOOM,hip hop,canción,Rapp Snitch Knishes,2004,5KUNwkaNf8l5A9sXZhiCgI
Eminem,hip hop,canción,Never Enough,2004,5CsDo9j3N4yFZNCN1h9loS
Mario,hip hop,canción,Let Me Love You,2004,7GaFYUqP2WdR4KTPk7cXoP
Trebol Clan,hip hop,canción,Gata Fiera (feat. Joan),2004,0xejnOURTSwXE4wuYshsxY
Trebol Clan,hip hop,canción,Agárrala (Remix),2004,7mL0vTeXzlUj2jsApatA83
Pitbull,hip hop,canción,Culo,2004,4tAru66VGVLWYjg90UV4vJ
Cartel De Santa,hip hop,canción,Todas Mueren por Mí,2004,57DZJLuPk9a5ULzdER3ZFy
Eminem,hip hop,canción,Just Lose It,2004,0qcjuYtMWhBjXg0Xwt5SzS
Kanye West,hip hop,canción,Through The Wire,2004,4mmkhcEm1Ljy1U9nwtsxUo
R De Rumba,hip hop,canción,Javat y Kamel,2004,3SgvnQco35HHgE75uMZ5C2
Mario,hip hop,canción,Let Me Love You,2004,3ibKnFDaa3GhpPGlOUj7ff
MF DOOM,hip hop,canción,One Beer,2004,4BnrGx9tWNF8aiXl1UhDBa
MF DOOM,hip hop,canción,Hoe Cakes,2004,4b82tXj35SycILuILcgBQ6
Madvillain,hip hop,canción,All Caps,2004,21O0XXPEWPtePt5RMY93Ob
Terror Squad,hip hop,canción,Lean Back,2004,2Ozc0me9PV5vlt8cokwdvI
Eminem,hip hop,canción,Ass Like That,2004,4gXdMZkBN1neE9nX6yRALa
R De Rumba,hip hop,canción,Quieres,2004,1uUnzES6P7vI4uzDienIFm
Nujabes,hip hop,canción,aruarian dance,2004,4sUTagdmyuyAxd7RvbygpQ
2Pac,hip hop,canción,Ghetto Gospel,2004,7jLbTp3qZzah9kMIdW8e5M
Eminem,hip hop,canción,Like Toy Soldiers,2004,6CN3e26iQSj1N5lomh0mfO
Snoop Dogg,hip hop,canción,Signs,2004,4HSAJpNocVNJbwbQvtCMdO
995,hip hop,canción,Estoy Cansao,2004,3rqwPqR1r5PYyjn1ouui89
Trebol Clan,hip hop,canción,"No Le Temas A Él (feat. Héctor ""El Father"" & Tito ""El Bambino"")",2004,28PZREo67c9GjM9GPcFRx1
Tego Calderón,hip hop,canción,Guasa Guasa (feat. Voltio),2004,7gXoDdtHUAT58STSAjhmLu
D12,hip hop,canción,My Band,2004,4XHQyvbrBsQaaBUW1VvmsL
Kanye West,hip hop,canción,Jesus Walks,2004,5g1vtHqi9uV7xtYeCcFOBx
Morodo,hip hop,canción,La Yerba del Rey,2004,2KxRGyVpoFjHJhdESy467E
Kanye West,hip hop,canción,Family Business,2004,5DBmXF7QO43Cuy9yqva116
JAY-Z,hip hop,canción,Numb / Encore,2004,7dyluIqv7QYVTXXZiMWPHW
Diddy,hip hop,canción,"I Need a Girl (Pt. 2) [feat. Loon, Ginuwine, Mario Winans]",2004,6Wt5QBzHp9vdSLAFlvdnDQ
USHER,hip hop,canción,Burn,2004,7z3N2W7Xz1t2G2sAO8wFVH
Morodo,hip hop,canción,Divina Ciencia,2004,4UQ98S819IC4qQ2lld1ZXj
Morodo,hip hop,canción,Querido enemigo,2004,1rBy9DDCgcOP0tKVmdw15H
Kanye West,hip hop,canción,We Don't Care,2004,0IW0qaeyxL5Et4UG2MrJKB
JAY-Z,hip hop,canción,Points of Authority / 99 Problems / One Step Closer,2004,65eohvrL4ttjA7EfFkQOhX
Kanye West,hip hop,canción,Spaceship,2004,1ko2NuvWlQdxtNRc8QQzmT
Arma Blanca,hip hop,canción,El y Ella,2004,7ggX9ozG2P4NWZtxYMtGac
Madvillain,hip hop,canción,Meat Grinder,2004,4WM1hvYr2NC6bQnQXcj3sH
Eminem,hip hop,canción,Big Weenie,2004,4dh34dyav8M5jCN3yidn8Z
Aventura,hip hop,canción,Ella Y Yo - Featuring Don Omar,2005,6G4U9avyBNEfP0fAIduev3
Calle 13,hip hop,canción,Atrévete-Te-Te,2005,1q8NdCAQ9QUjpYiqzdd3mv
Gorillaz,hip hop,canción,Feel Good Inc.,2005,0d28khcov6AiegSCpG5TuT
Daddy Yankee,hip hop,canción,Rompe,2005,4Xtlw8oXkIOvzV7crUBKeZ
Angel Y Khriz,hip hop,canción,Ven Bailalo - Reggaeton Mix,2005,0e8DgtfJnWTBarF9YGMd0N
Aventura,hip hop,canción,Un Beso,2005,1SaEt8dwTuLDzenUu5BqI6
50 Cent,hip hop,canción,Candy Shop,2005,5D2mYZuzcgjpchVY1pmTPh
50 Cent,hip hop,canción,Just A Lil Bit,2005,4nva9EpKntUTs6CRSGBCn9
The Game,hip hop,canción,Hate It Or Love It,2005,2wGSgTmgSF3xjRrHkTc25R
Gorillaz,hip hop,canción,DARE,2005,4Hff1IjRbLGeLgFgxvHflk
Aventura,hip hop,canción,La Boda,2005,2jQeX1fMZo5z82w3BviN5x
Aventura,hip hop,canción,Angelito,2005,4s8r4lbbUXF3xFdEXWgTrs
Kanye West,hip hop,canción,Gold Digger,2005,1PS1QMdUqOal0ai3Gt7sDQ
The Game,hip hop,canción,How We Do,2005,4PmMVdIFpJTB9WQbmILf4p
50 Cent,hip hop,canción,Disco Inferno,2005,69bHJ9qs5FrUJbKP8xU8uZ
50 Cent,hip hop,canción,Window Shopper,2005,0NJu93oln1kkgbHLFzLJ4h
Gorillaz,hip hop,canción,Dirty Harry,2005,2bfGNzdiRa1jXZRdfssSzR
Aventura,hip hop,canción,Ciego De Amor - Featuring Anthony Santos,2005,1IdSPagRNE4i6cr6I8QBYD
SFDK,hip hop,canción,El Niño Güei,2005,4HSUcBiPq6e9fsYv5q1yvg
Daddy Yankee,hip hop,canción,Sacala,2005,2A4S6qvdOXOl0IvGasvpi5
Kanye West,hip hop,canción,Touch The Sky,2005,2dxjKgT0li4qBI3QwuN9Ih
Eminem,hip hop,canción,Lose Yourself,2005,5Z01UMMf7V1o0MzF86s6WJ
50 Cent,hip hop,canción,When It Rains It Pours,2005,1cA2LExLTdhHLL0FmXoc57
Eminem,hip hop,canción,Shake That,2005,0fGh0trRN1xz3s41r7V5ce
SFDK,hip hop,canción,Bailes de Salón,2005,0w3JIoYUK6DdwYS0JzSJI3
Eminem,hip hop,canción,When I'm Gone,2005,4CDIEKHMb2MBgvgHBkhiJD
SFDK,hip hop,canción,No Eres Feo Ni Ná,2005,2sJptj7MmQA7FjcpbzXXrz
Gorillaz,hip hop,canción,Kids with Guns,2005,0eEgMbSzOHmkOeVuNC3E0k
Aventura,hip hop,canción,Our Song,2005,4AuBmjPXmbBc0ZxFuaqcVQ
50 Cent,hip hop,canción,Outta Control - Remix,2005,2uhnzF1F605tp9QS6rH2VW
Chamillionaire,hip hop,canción,Ridin',2005,3kZoay4ANo86ehb6s4RwS9
Don Omar,hip hop,canción,Dile,2005,72YHgP5Zueyh9ilIjkaEaB
Nach,hip hop,canción,Palabras,2005,73i0J7LgQTi1AdkT1AbMav
The Notorious B.I.G.,hip hop,canción,"Nasty Girl (feat. Diddy, Nelly, Jagged Edge & Avery Storm) - 2005 Remaster",2005,4GIsskMpViPkt0uzPJTJSp
Daddy Yankee,hip hop,canción,Machucando,2005,3FWAWggrMlMaSuBrf5cgKP
Gorillaz,hip hop,canción,November Has Come,2005,6lrDckuosGpwEHtm1hHBcf
Orishas,hip hop,canción,Nací Orishas,2005,2UfRBpW3CoCeO3fr339xNz
Gorillaz,hip hop,canción,El Mañana,2005,0dcMqjeDpwqB2xhzMsld0p
Orishas,hip hop,canción,El kilo,2005,3u443qbzetPXOCCClulrQB
50 Cent,hip hop,canción,Best Friend,2005,7jdzEA44GdSp4laVCF3Ztw
Sólo Los Solo,hip hop,canción,Todo el Mundo lo Sabe,2005,1Pw0bBm9L1TYRhCkiCGkAE
SFDK,hip hop,canción,Fumar Cagando,2005,0QSUpGHBj05kCfj9rZLjpt
Aventura,hip hop,canción,Un Chi Chi,2005,1cbyVOrjQu3QsmHD2T1Ydf
Nujabes,hip hop,canción,Feather (feat. Cise Starr & Akin from CYNE),2005,2ej1A2Ze6P2EOW7KfIosZR
SFDK,hip hop,canción,La Habitación Que Más Me Gusta de Mi Keli,2005,2il0oxoPluoa2cffR11lvQ
Ivy Queen,hip hop,canción,"Te He Querido, Te He Llorado",2005,61HuVAedKGMO7jWl8ZyALQ
DANGERDOOM,hip hop,canción,Benzi Box,2005,6bmJYo1KS2X2nzQrCGzdOe
Daddy Yankee,hip hop,canción,Gangsta Zone,2005,3h99fBGkTn3J2NsrYU8rcO
Kanye West,hip hop,canción,Roses,2005,2DHNCWZYmVr1Lv08q5b0kB
Nujabes,hip hop,canción,Luv(sic.) pt3 (feat. Shing02),2005,4xlpJ99yL9xYQtzG6c3hwk
Coldplay,pop,canción,Yellow,2000,3AJwUDP919kvQ9QcozQPxg
La Oreja de Van Gogh,pop,canción,La Playa,2000,2DNyZP4Py6f4zMASLBnIu6
Amaral,pop,canción,Cómo hablar,2000,3DYm7Lp7Fc3xf6WSCq5ntE
La Oreja de Van Gogh,pop,canción,Cuídate,2000,7gqIqyeCaV2xNtfZWxEphD
Britney Spears,pop,canción,Oops!...I Did It Again,2000,6naxalmIoLFWR0siv8dnQQ
OBK,pop,canción,El cielo no entiende,2000,648Myn15scOB98wpZ9jd3c
Sade,pop,canción,By Your Side,2000,7H3ojI1BsVy0dEJENqMt1k
*NSYNC,pop,canción,Bye Bye Bye,2000,62bOmKYxYg7dhrC6gH9vFn
La Oreja de Van Gogh,pop,canción,Paris,2000,5ByvJeBlrYISiwy7AVEAmP
La Oreja de Van Gogh,pop,canción,Pop,2000,4FXSEdmbbeGmPIQltH27C8
Enya,pop,canción,Only Time,2000,6FLwmdmW77N1Pxb1aWsZmO
Coldplay,pop,canción,Trouble,2000,0R8P9KfGJCDULmlEoBagcO
Niña Pastori,pop,canción,Cai,2000,7KtFeanepT9gGXU1zsgQn0
Los Planetas,pop,canción,Un Buen Dia,2000,53AdGgVPCP8P4CutTFKJ1V
The Offspring,pop,canción,Want You Bad,2000,6hwQ69v7VbPhTTR2fOtYX7
La Unión,pop,canción,Lobo-hombre en París,2000,3M1H1CWjrSq7nxABHc8EXv
La Fuga,pop,canción,"P' aquí, p' allá",2000,4OeGTfPIF6sURCstaEqf4R
José El Francés,pop,canción,Ya No Quiero Tu Querer,2000,3f43MHFXpOqMkdu9gxEaoq
Paulina Rubio,pop,canción,Yo No Soy Esa Mujer,2000,0JAGODD5w6MeYQzA9lV6Zm
*NSYNC,pop,canción,Bye Bye Bye,2000,4r8lRYnoOGdEi6YyI5OC1o
Monica Naranjo,pop,canción,Sobreviviré,2000,3xGon93gcCARQ4VgYgoirk
Nelly Furtado,pop,canción,I'm Like A Bird,2000,2aGw77pZqli064JiPuXYRi
El Barrio,pop,canción,Calla,2000,5mQOvk2ALT2YPQJg7DNQbf
Alejandro Sanz,pop,canción,Cuando nadie me ve,2000,7sNpt6AvOvXXZVaqTCFVCu
The Corrs,pop,canción,Breathless,2000,5OQGeJ1ceykovrykZsGhqL
Camela,pop,canción,¿Por qué me has engañado?,2000,2EFKQ7K6HNKERFZh3Kne1Q
La Oreja de Van Gogh,pop,canción,Soledad,2000,4NLpfB52hwDPLn7bphgjgD
Juan Gabriel,pop,canción,Abrázame Muy Fuerte,2000,2nejvFyJeTDtMRP2nUMt0J
Chayanne,pop,canción,Yo Te Amo,2000,2sKo5u6IppUEudIz265wYa
Shaggy,pop,canción,It Wasn't Me,2000,3WkibOpDF7cQ5xntM1epyf
Backstreet Boys,pop,canción,Shape of My Heart,2000,35o9a4iAfLl5jRmqMX9c1D
Laura Pausini,pop,canción,Entre tú y mil mares,2000,3reCcj2BzaDnnrlnZ0aq2X
Luis Miguel,pop,canción,La bikina - En vivo,2000,1jxO9AwMqYynDsuMWKrPvi
Coldplay,pop,canción,Don't Panic,2000,2QhURnm7mQDxBb5jWkbDug
Los Chunguitos,pop,canción,Ay Que Dolor,2000,2vSP08kmQopI5kcxfcpjbE
Shaggy,pop,canción,Angel,2000,7FDV5ELOJHCGLe52AnttEd
Los Secretos,pop,canción,Agárrate a mí María (feat. Antonio Vega),2000,0yORpJ5pOm7svTtEyv700n
OBK,pop,canción,Falsa moral,2000,4Tcs5NmK9FThusXJcOtLkI
La Oreja de Van Gogh,pop,canción,Mariposa,2000,50CFzmM2N9wxobKcURrZdw
El Barrio,pop,canción,La Fuente del Deseo,2000,1lnkbfnoTAMcLwJAc18kub
Paulina Rubio,pop,canción,Y Yo Sigo Aqui - Spanglish,2000,2Ma2f8jV8VKMJoAcnCvZ8h
Thalia,pop,canción,Arrasando,2000,1EhDeCHd34jt7dMDqkGQBC
Christina Aguilera,pop,canción,Pero Me Acuerdo de Tí,2000,4B1sb2YVO03sBmyR8bvzEB
Phoenix,pop,canción,If I Ever Feel Better,2000,3AA8xNhDC0MpqwkGX3EP5V
The Offspring,pop,canción,Original Prankster,2000,6gfDXAX85YWdVwxpbz0npv
Elefantes,pop,canción,Azul,2000,4cdkLMSUeD732LS9dw6G4n
Alejandro Sanz,pop,canción,El alma al aire,2000,0Bs7Y5vCIzuvFTS9SLBPn8
José El Francés,pop,canción,Fuera de Mi - Ya No Quiero Tu Querer - Version Remix,2000,4GW6K2liIcrKLkKgEMg368
Enya,pop,canción,A Day Without Rain,2000,0y6DSMwFO6cLKN1XB85cGV
Julio Iglesias,pop,canción,"Dos Corazones, Dos Historias (Dos Corações E Uma Historia)",2000,18jTvvrVfLe5DsipBvZect
M-Clan,pop,canción,Carolina - En directo 2000,2001,4UtREbGYnd1nZLckEb5y8J
Estopa,pop,canción,Vino Tinto,2001,15m2Op4d1ZtX0ScPaDNKcd
Los Delinqüentes,pop,canción,El aire de la calle,2001,2PaETSKl3w3IdtLIbDnQXJ
Andy & Lucas,pop,canción,Tanto la Queria,2001,2VSGzQqy9nqJefcYGJNWst
Café Quijano,pop,canción,Desde Brasil,2001,7H0PDJwUMTdwQEBb3gXMeI
Loquillo Y Los Trogloditas,pop,canción,Feo Fuerte y Formal,2001,24w139jhWNnuQjnlhlzLvi
Alex Ubago,pop,canción,Sin miedo a nada (feat. Amaia Montero),2001,0EA40dd5ghMqemzoqWvo3E
Café Quijano,pop,canción,La taberna del Buda,2001,40A11dg6RXzfDrwMrw5sED
Antonio Orozco,pop,canción,Devuélveme La Vida,2001,3IxzZi359EegU7F27msD34
Estopa,pop,canción,Partiendo la Pana,2001,4BtggpHp17Ak3RP0LITrue
Los Delinqüentes,pop,canción,Nube de pegatina,2001,53IBRi1foJyOrFs70aCsXk
Los Piratas,pop,canción,Años 80,2001,7EwISik6EOmK1CZhs68nsg
La Cabra Mecanica,pop,canción,La lista de la compra (feat. María Jiménez),2001,6htAV9HKCmoDdyyvDNX9DQ
Andy & Lucas,pop,canción,Son de Amores,2001,7BCer0V0I1CZDI6S6kYD44
Los Delinqüentes,pop,canción,A la luz del Lorenzo,2001,6bMRELN9nclL87w9XEMMnw
Antonio Orozco,pop,canción,El Viaje,2001,4ThqA3auf2mTwQqe6ynlsd
La Fuga,pop,canción,P'aquí p'allá,2001,5yizPiC4hxXyO2H5eGHMoM
Sonia Y Selena,pop,canción,Yo Quiero Bailar,2001,4rFCPjKfgbEeNvs1Ku4nbd
Alex Ubago,pop,canción,A gritos de esperanza,2001,5eYrtywOl1T58VgNTU5aX0
Miguel Bosé,pop,canción,Morena mía,2001,0HmQkmfYXRPweIg1ycw1R8
Kylie Minogue,pop,canción,Can't Get You out of My Head,2001,3E7ZwUMJFqpsDOJzEkBrQ7
Estopa,pop,canción,Nasío pa la Alegria,2001,4Xybmu6G9wXgIst1eY3XhA
Alicia Keys,pop,canción,Fallin',2001,0KQx6HOpJueiSkztcS0r7D
Diego Torres,pop,canción,Color Esperanza,2001,3T07pNAEVr9adeIG9i1ex4
Shakira,pop,canción,"Suerte (Whenever, Wherever)",2001,3TY1PFZXmYeiLcXygB74My
Weezer,pop,canción,Island In The Sun,2001,2MLHyLy5z5l5YRp7momlgw
La Fuga,pop,canción,Majareta,2001,3njI5vWbMeZWcTYy6a30Tt
The Calling,pop,canción,Wherever You Will Go,2001,5QpaGzWp0hwB5faV8dkbAz
La Cabra Mecanica,pop,canción,Felicidad,2001,1pX5XE5hajZQ4lB6HuMVKa
M-Clan,pop,canción,Maggie despierta - Maggie May,2001,6pVmnP2zpWqmMTHiwUnpqq
Manolo Garcia,pop,canción,Nunca el Tiempo Es Perdido,2001,0hNj5RLRbNjIwDW68VERrK
Los Chichos,pop,canción,Ni Más Ni Menos,2001,5sjEcrr7k6bmuBkddITiGI
Alex Ubago,pop,canción,¿Qué pides tú?,2001,2tWmETghMSbR3LQ5lCrJq8
Estopa,pop,canción,Luna Lunera,2001,5cxHDFRik6uTj1cDCdVW9A
Train,pop,canción,Drops of Jupiter (Tell Me),2001,2hKdd3qO7cWr2Jo0Bcs0MA
The Mamas & The Papas,pop,canción,California Dreamin',2001,1ZEOIhSn6BKErV59bIgn76
Rosario,pop,canción,Cómo Quieres Que Te Quiera,2001,6jAs8GeDUmnr6l7u1HU2zB
Andy & Lucas,pop,canción,Y en Tu Ventana,2001,1aTQjtfI3EapNrDGu4iu5T
Enrique Iglesias,pop,canción,Heroe,2001,4AkrkORGjiz7c90mwxAvdW
Estopa,pop,canción,Demonios,2001,69tkEprrsulpkuu9DscyjR
El Arrebato,pop,canción,Poquito a poco,2001,7CJtrxRGcxxgUxqI7C7RO2
Lasgo,pop,canción,Something,2001,4xYQVaR2wQoS6xz0SSa5Ys
Smash Mouth,pop,canción,I'm A Believer,2001,0C9jZPUv4SuaXkuEQw6L40
Shakira,pop,canción,"Suerte (Whenever, Wherever)",2001,1YIoEGlYIrlir1FOdWmSe8
Mary J. Blige,pop,canción,Family Affair,2001,3aw9iWUQ3VrPQltgwvN9Xu
Joaquín Sabina,pop,canción,Nos Sobran los Motivos - En Directo,2001,3gY2q8M3a03KpwOGj0zt88
Rosana,pop,canción,Pa ti no estoy,2001,74D5vPIqKXeha7ElxMLc8Z
Zucchero,pop,canción,Baila Morena - New Spanish Version,2001,0M2YkvoDWKgEvLaCmdH3Gv
Jimmy Eat World,pop,canción,The Middle,2001,6GG73Jik4jUlQCkKg9JuGO
Estopa,pop,canción,Ojitos Rojos - Directo,2001,3IhHtJSkbz8d7dGLXbW7HE
Coldplay,pop,canción,The Scientist,2002,75JFxkI2RXiU7L9VXzMkle
Coldplay,pop,canción,Clocks,2002,0BCPKOYdS2jbQ8iyB56Zns
Aventura,pop,canción,Obsesion,2002,65H6t1WQBim6q93yM8fEwn
David Bisbal,pop,canción,Ave María,2002,5U4pDBaeq2Jl2dKuWWUSsh
David Bisbal,pop,canción,Dígale,2002,5OKrgU6UuGMp4sGRxv1JH2
Amaral,pop,canción,Sin ti no soy nada,2002,7cQ7axcCXsa963OluHTWlS
Juanes,pop,canción,A Dios Le Pido,2002,129lYDVKnWtlJc2PZJviuA
Maroon 5,pop,canción,She Will Be Loved - Radio Mix,2002,4llK75pXNWZz6KAho2Gp16
Maroon 5,pop,canción,This Love,2002,6ECp64rv50XVz93WvxXMGF
Bacilos,pop,canción,Caraluna,2002,7DhYjNLksXZhbRQeheAums
Amaral,pop,canción,Moriría por vos,2002,2Ec0VmnItt52GPU6A9Vya3
Juanes,pop,canción,Es Por Ti,2002,3b1IQflSLrgzYQPGFzI9cl
Avril Lavigne,pop,canción,Complicated,2002,5xEM5hIgJ1jjgcEBfpkt2F
El Canto Del Loco,pop,canción,Puede Ser (with Amaia Montero),2002,1TtwCkFbGv89XmuUNmoINt
Sophie Ellis-Bextor,pop,canción,Murder On The Dancefloor,2002,4tKGFmENO69tZR9ahgZu48
Kate Ryan,pop,canción,Désenchantée,2002,4yOU9FaCmFFo2qfy1FHIe3
Joaquín Sabina,pop,canción,La Canción Más Hermosa del Mundo,2002,3p9xDDH2S8lxwZMRWJtlul
Coldplay,pop,canción,In My Place,2002,2nvC4i2aMo4CzRjRflysah
Norah Jones,pop,canción,Don't Know Why,2002,1zNXF2svmdlNxfS5XeNUgr
Amaral,pop,canción,Toda la noche en la calle,2002,3UmPmOnwIlGM6MtlY7s4dz
Blondie,pop,canción,Maria,2002,7bOYOD0d7ByMTXvJnQVl8d
El Barrio,pop,canción,"Buena, Bonita y Barata",2002,1yFEmQGaLemECFv2F4TiO1
David Bisbal,pop,canción,Lloraré Las Penas,2002,02LY9cHQcP3g9wtDfykKDs
Aventura,pop,canción,Enseñame a Olvidar,2002,79MlVxKj43tDISSISiVHJM
Niña Pastori,pop,canción,Válgame Dios,2002,5xzhnfb5pLtDqbvbqt5VQq
Nelly,pop,canción,Dilemma,2002,0ARK753YaiJbpLUk7z5yIM
t.A.T.u.,pop,canción,All The Things She Said,2002,4bJygwUKrRgq1stlNXcgMg
Cristian Castro,pop,canción,Azul,2002,6pHCJmx9FXnMwEqB0LWUEH
Vanessa Carlton,pop,canción,A Thousand Miles,2002,4w1lzcaoZ1IC2K5TwjalRP
Bustamante,pop,canción,Dos Hombres Y Un Destino,2002,2TMhNVnegm2SMQ6lvhaxdm
Juanes,pop,canción,Fotografía,2002,0dEPlb8waIqRtKpLb3l6So
Chayanne,pop,canción,Torero,2002,709CndJJB3GTUhQD0LLFse
Radio Macandé,pop,canción,Porqué,2002,4tcrPcC6BLsnymMs8WbPbO
Norah Jones,pop,canción,Come Away With Me,2002,6jGnykaS6TkWp15utXSAeI
El Canto Del Loco,pop,canción,Aquellos Años Locos (Bonus Track),2002,2zQPi1daDcELSMkpDGwHsn
Bacilos,pop,canción,Mi Primer Millon,2002,5fSDXbY8o9pA3TKwAbfwML
Joaquín Sabina,pop,canción,Peces de Ciudad,2002,5xq9JrBQQ1r1bKx3P1QhB2
Miguel Ríos,pop,canción,Insurrección (con Manolo García),2002,5JD2HODIglXaNJopWb248t
Sum 41,pop,canción,Still Waiting,2002,0jqK7sGTLsHPkQrrcrGuKD
Chenoa,pop,canción,Cuando Tú Vas,2002,2bPH3Ph0RHQuugStXcpyRP
Niña Pastori,pop,canción,Amor de San Juan,2002,0UDzA6U9NcZgpuja999PDO
Norah Jones,pop,canción,Turn Me On,2002,1qzHqfvKrZWo6dVHM1dXrj
Revolver,pop,canción,Odio,2002,1LPRt6MRT3rbr696ly5lUC
El Canto Del Loco,pop,canción,A Contracorriente,2002,4fYAcwdEtW2VCZe5Xoe7iC
Enya,pop,canción,May It Be,2002,1wIQ2Nm0raqOapHK4bCD3J
Amaral,pop,canción,Te necesito,2002,4vcFY3PrJmxAQAnqkm0EQR
Maroon 5,pop,canción,She Will Be Loved,2002,7sapKrjDij2fpDVj0GxP66
Justin Timberlake,pop,canción,Rock Your Body,2002,1AWQoqb9bSvzTjaLralEkT
Maná,pop,canción,Mariposa Traicionera - 2020 Remasterizado,2002,2zLLGT8WWT1dl73TlVL9qs
Céline Dion,pop,canción,I'm Alive,2002,2FTZeRHQ4gRPViPMpWL9uX
La Oreja de Van Gogh,pop,canción,Rosas,2003,4waqcUQWdj0yH26STWl2Rq
Don Omar,pop,canción,Dile,2003,69Ej1xrGjOcHvIMtMKxK0G
La Oreja de Van Gogh,pop,canción,Puedes Contar Conmigo,2003,1hbWtHgRDG25DkmxE4I28V
El Barrio,pop,canción,Quiereme,2003,1NxFzOsXF3DXLH1xyon6vH
El Canto Del Loco,pop,canción,Insoportable,2003,6FstWkgRdHagqJ6qjDbiK0
El Canto Del Loco,pop,canción,La Madre de Jose,2003,3l8Ennt1PqShViwh0tkWuc
La Oreja de Van Gogh,pop,canción,20 de Enero,2003,4XdePl1vOF1cYjTBYeYU9j
El Canto Del Loco,pop,canción,Una Foto en Blanco y Negro,2003,1LuW4h5s9ZumBbMh7qhDDj
Don Omar,pop,canción,Dale Don Dale,2003,1PZrHbJjt5t7dP9OGRxcD0
Britney Spears,pop,canción,Toxic,2003,6I9VzXrHxO9rA9A5euc8Ak
Coti,pop,canción,Nada Fue Un Error,2003,1Ev18ptTlc3CBQMmKsIfjY
Beyoncé,pop,canción,Crazy In Love (feat. JAY-Z),2003,0TwBtDAWpkpM3srywFVOV5
Black Eyed Peas,pop,canción,Where Is The Love?,2003,0xmjwnQ3FNE6HuWCt2nHdZ
50 Cent,pop,canción,In Da Club,2003,7iL6o9tox1zgHpKUfh9vuC
Alex Ubago,pop,canción,Aunque no te pueda ver,2003,2425UlXvkIkAEJAtAd8ROm
Dido,pop,canción,White Flag,2003,6si71supnBUhddjR2FJc2L
Pereza,pop,canción,Pienso en Aquella Tarde,2003,5dncXckT4fSDlyEL9QgzuY
El Canto Del Loco,pop,canción,Ya Nada Volvera a Ser Como Antes,2003,55BClNby0SuB7MHxp1Tdn8
Mikel Erentxun,pop,canción,Mañana,2003,2ajLNMlhZD1iHLSdxko6Q2
Fran Perea,pop,canción,Uno más uno son 7,2003,3Af6XfS90PAZaC4Q2AjPtg
Alicia Keys,pop,canción,If I Ain't Got You,2003,3XVBdLihbNbxUwZosxcGuJ
El Barrio,pop,canción,Todo Tiene Su Fin,2003,1rCbVuKv2t7Imylg1WEe7I
Jarabe De Palo,pop,canción,Bonito,2003,5FiB1uNoGZE4PenzZd7Imu
La Oreja de Van Gogh,pop,canción,Deseos de Cosas Imposibles,2003,6CIDsqMEEsBJf5Cv6RbuGw
50 Cent,pop,canción,P.I.M.P.,2003,3G0yz3DZn3lfraledmBCT0
Coti,pop,canción,Antes Que Ver El Sol,2003,2xqNBP7kAqeZi96QISEGx4
50 Cent,pop,canción,21 Questions,2003,70FCugJxa7XW04Np6iYJdI
El Canto Del Loco,pop,canción,Volver a Disfrutar,2003,3PuXuPcU0W4iHnd3C78FIr
Sin Bandera,pop,canción,Que Lloro,2003,62clthR0fZmLbxeqxVJatQ
El Barrio,pop,canción,Angel Malherido,2003,1vdzkGYQrR9Ep77Yd32N7m
50 Cent,pop,canción,Many Men (Wish Death),2003,5STdMlrBf6pqWiNE7WqxSi
Camela,pop,canción,Nunca debí enamorarme,2003,70f6HTczJo4mjv4YzVGkl8
La Oreja de Van Gogh,pop,canción,Geografía,2003,0iTJV7IHhkgzWk5x0WgUHy
Los Secretos,pop,canción,Por el boulevard de los sueños rotos - Acústico,2003,7KRg2QArpD7aq12u6cQChY
Beyoncé,pop,canción,Crazy In Love (feat. JAY-Z),2003,5IVuqXILoxVWvWEPm82Jxr
Julieta Venegas,pop,canción,Andar Conmigo,2003,05iMQqncVBIm4AE26EvaTL
Los Delinqüentes,pop,canción,La niña de la palmera,2003,1N0pXVlgb69HTKWEbsA0W1
Black Eyed Peas,pop,canción,Let's Get It Started - Spike Mix,2003,4hfIVhq0F0zFUcrbecsYmo
Sin Bandera,pop,canción,Mientes Tan Bien,2003,072YgF7J2clpY8DsWOpEri
Black Eyed Peas,pop,canción,Shut Up,2003,0KxU9wjCedUxSGdjuFdBDu
El Barrio,pop,canción,No Vale la Pena,2003,15sikz0X5nugfKW2DOAQ0T
Pet Shop Boys,pop,canción,Go West - 2003 Remaster,2003,5Klo65Y9uouLjNVDV3pqh7
Café Quijano,pop,canción,No tienes corazón (con Joaquín Sabina),2003,6wLuMJ0xZhmPHVjmvvvQ1L
El Arrebato,pop,canción,Una noche con arte,2003,45vkeABL1QM5EruMzzxi4L
Elbicho,pop,canción,De los malos,2003,4qeoUPvx2TC0xb7sxoEekP
La Oreja de Van Gogh,pop,canción,Nadie Como Tú,2003,4ybdTQiPB5RrbVgRMwlBNk
Michael Bublé,pop,canción,Sway,2003,2ajUl8lBLAXOXNpG4NEPMz
La Fuga,pop,canción,Sueños de papel (feat. Fito y Fitipaldis),2003,7qi9cwJpHdtqPYWJYbp9k4
Elbicho,pop,canción,Mamá Dolores,2003,04u9vcrH4NbhH8JYTVGhQ3
Marco Antonio Solís,pop,canción,Más Que Tu Amigo,2003,1Vy7WUJubV9JEoebuJ9dfe
Fito y Fitipaldis,pop,canción,Soldadito marinero,2004,0eVborSuxUeSg0meWYd9dZ
Fito y Fitipaldis,pop,canción,La casa por el tejado,2004,428cFrawSqeLoyooQjAW9d
Keane,pop,canción,Somewhere Only We Know,2004,1SKPmfSYaPsETbRHaiA18G
Camela,pop,canción,Cuando zarpa el amor,2004,0GzQB5WXavUEU8tfTCAd8m
El Arrebato,pop,canción,Búscate un hombre que te quiera,2004,4ppxWzgjvst4Mv1Kpwooeh
Natasha Bedingfield,pop,canción,Unwritten,2004,3U5JVgI2x4rDyHGObzJfNf
La Quinta Estacion,pop,canción,El Sol No Regresa,2004,2awKQgW88iq9jFM54VaCAp
Estopa,pop,canción,Tragicomedia,2004,0P6f1wsiwEvl89jUosdJMt
Juanes,pop,canción,La Camisa Negra,2004,2EM9zpAc7PVeoAydmbfVIL
Keane,pop,canción,Everybody's Changing,2004,0yac0FPhLRH9i9lOng3f81
Alejandro Fernández,pop,canción,Me Dediqué a Perderte,2004,4NUt1fcnO9aQAELBgXq3Kr
Estopa,pop,canción,Ya No Me Acuerdo,2004,1vHY8bEVI7Sg85xNMTDxXM
M-Clan,pop,canción,Miedo,2004,47oZRFceogtlw8Kcu5UGaj
USHER,pop,canción,Yeah! (feat. Lil Jon & Ludacris),2004,5rb9QrpfcKFHM1EUbSIurX
Fito y Fitipaldis,pop,canción,Un buen castigo,2004,2GvlIZHqSDyXQgf5hWXsOd
Estopa,pop,canción,Pastillas de Freno,2004,3r8yinbwGj8C0MnZH3ajML
Juan Luis Guerra 4.40,pop,canción,Las Avispas,2004,0K1XXuhaJBPWMcgjj3ug3u
Juanes,pop,canción,Volverte A Ver,2004,2ZqFfDwNjKvPu3USx3onhO
M-Clan,pop,canción,Sopa fría,2004,1zLJEnxuZBgPbwMrDMiZAf
Juanes,pop,canción,Nada Valgo Sin Tu Amor,2004,6QdwofpqDvvNxX88C9A0iQ
Fito y Fitipaldis,pop,canción,Whisky barato,2004,25uN86jLVXNnusQDA3il8S
Estopa,pop,canción,Penas Con Rumba,2004,2KYYf8AMqT5qCj6WSqIg10
Canelita,pop,canción,Mi Canastera,2004,1yDFOTO07GUPvGaj3GVff1
Estopa,pop,canción,Fuente de Energia,2004,2BFD0q6yuATQ36Mwn8yfHd
Marc Anthony,pop,canción,Valió la Pena - Salsa Version,2004,0ueJesXdxikucezsJr2ejB
Eric Prydz,pop,canción,Call on Me - Radio Mix,2004,1xNcBAoUw8Hz6LqK2jt4Ff
Counting Crows,pop,canción,"Accidentally In Love - From ""Shrek 2"" Soundtrack",2004,2Y6uY65ZwKl9WbVOvKyZg6
David Bisbal,pop,canción,Buleria,2004,2s7WJ9IRON5zalNbfFY1xa
Manolo Garcia,pop,canción,Nunca el Tiempo Es Perdido,2004,6jsV9z9GK2CPMByiLVMWXi
Marc Anthony,pop,canción,Tu Amor Me Hace Bien - Salsa Version,2004,12H7K15h3aC5vRCaca65el
Estopa,pop,canción,Cuando Cae la Luna,2004,25NKR4lr2XEkXugQQ35ldd
Keane,pop,canción,This Is The Last Time,2004,6IVlHRrjTKep5SS9kbcpTa
Aleks Syntek,pop,canción,Duele El Amor,2004,0oXLSuno5adlHcPzlzs8l6
Franco De Vita,pop,canción,Tú de Qué Vas,2004,66iygyOSvvoQQsKJ1vEXfT
Norah Jones,pop,canción,Sunrise,2004,7zkLpY72g6lKQbiHDqri1S
Fito y Fitipaldis,pop,canción,Siempre estoy soñando,2004,2WDHxrr9IWp1QkAM0sSEr9
María Isabel,pop,canción,Antes Muerta Que Sencilla,2004,3QncI2MDoSto39bT8SJtKK
Manolo Garcia,pop,canción,Para Que No Se Duerman Mis Sentidos,2004,3nf8CSEsnKcmEolPQe9kkc
Diddy,pop,canción,"I'll Be Missing You (feat. Faith Evans, 112)",2004,3QHONiXGMGU3z68mQInncF
Snoop Dogg,pop,canción,Drop It Like It's Hot,2004,2NBQmPrOEEjA8VbeWOQGxO
Billie The Vision & The Dancers,pop,canción,Summercat,2004,1G5JaDf4CTkyoLRAO0pAYH
Antonio Vega,pop,canción,Se Dejaba Llevar Por Ti,2004,0nLeNYebvsmLRDbFlgioSb
Marc Anthony,pop,canción,Ahora Quien - Salsa Version,2004,1riK0w5nJ6r2qsdzNsMQJK
O-Zone,pop,canción,Dragostea din tei,2004,52Zr0sinhWTCRrQhRRY4EP
Marc Anthony,pop,canción,Ahora Quien - Salsa Version,2004,5A32KQZznC2HSqr9qzTl2N
David Bisbal,pop,canción,Esta Ausencia,2004,0phL00aOVS9nHhvd5Vodei
La Quinta Estacion,pop,canción,Algo Más,2004,3bJBWsVNUJ3hOIO6lQUKCj
Marc Anthony,pop,canción,Valió la Pena - Salsa Version,2004,2AMDKSt4HJWZbuLupJuNrj
JAY-Z,pop,canción,Numb / Encore,2004,5sNESr6pQfIhL3krM8CtZn
Laura Pausini,pop,canción,Víveme,2004,376zCxYCHr7rSFBdz41QyE
Melendi,pop,canción,Caminando por la vida,2005,3v1dCP3hk2djfWryqfp7sx
Pereza,pop,canción,Princesas,2005,3hlWUNjAlbZ6nOjAbrivBv
Amaral,pop,canción,"Marta, Sebas, Guille y los demás",2005,30ddpolNHwXlrS5XO8MiiO
El Canto Del Loco,pop,canción,Zapatillas,2005,42VgiRyg0YjtRVLiPFNxPJ
Estopa,pop,canción,Paseo,2005,6pWeJvzpQR1ihiUSJklOzD
Aventura,pop,canción,Ella Y Yo - Featuring Don Omar,2005,6G4U9avyBNEfP0fAIduev3
Shakira,pop,canción,Hips Don't Lie (feat. Wyclef Jean),2005,3ZFTkvIE7kyPt6Nu3PEa7V
El Canto Del Loco,pop,canción,Besos,2005,7MKO7rUZzjw8p87zdZDgqa
Melendi,pop,canción,Con sólo una sonrisa,2005,0hZe1cdSm3wc5Gay229mJd
El Canto Del Loco,pop,canción,Volvera,2005,4QBrx05HrLnohYaS1cPGHO
Amaral,pop,canción,El universo sobre mí,2005,1jJn6iK6o2Vg7iUKHztRTk
Carlos Baute,pop,canción,Te regalo,2005,0fmgOwkb9AwgzXhYVSZRDs
Estopa,pop,canción,Vacaciones,2005,3Aj18tBmQKLTGU3KEpbZ40
Shakira,pop,canción,Las de la Intuición,2005,3uU6dqBjVKRTPis0RrTaT4
Shakira,pop,canción,La Tortura (feat. Alejandro Sanz),2005,5BSclXJTa9B0iURhUjZo50
Amaral,pop,canción,Días de verano,2005,3JhllUTyXy2ceSTzNSErBC
El Sueño de Morfeo,pop,canción,Nunca volverá,2005,3TZiiTNmVhLRMhPksHqk8M
La Fuga,pop,canción,Buscando en la basura,2005,46Yp4JsZIh8ceg5WBqW1ZB
El Sueño de Morfeo,pop,canción,Esta soy yo,2005,2kaHorrtVLo9brE37NQvGa
Ivan Ferreiro,pop,canción,Turnedo,2005,541hgOF71B92Jpg4IU6kyx
The Fray,pop,canción,How to Save a Life,2005,5fVZC9GiM4e8vu99W0Xf6J
Los Delinqüentes,pop,canción,La primavera trompetera,2005,0CpOanyNd3l3X1Nqkyd6TB
Pereza,pop,canción,Todo,2005,09QG9D1BI4TRvGq64NghRg
Black Eyed Peas,pop,canción,Pump It,2005,2ygMBIctKIAfbEBcT9065L
Shakira,pop,canción,Dia de Enero,2005,0OEBOJhSObnFuHuasXdt52
Estopa,pop,canción,Malabares,2005,0XTp7FvMMRslFWk4S7CFzX
Sean Paul,pop,canción,Temperature,2005,0k2GOhqsrxDTAbFFSdNJjT
Aventura,pop,canción,Un Beso,2005,1SaEt8dwTuLDzenUu5BqI6
Fonseca,pop,canción,Te Mando Flores,2005,2in1gSZtv2lRbcZUmN9aAl
Akon,pop,canción,Lonely,2005,4v7DCN09hgXkKazefkznDQ
Rihanna,pop,canción,Pon de Replay,2005,4TsmezEQVSZNNPv5RJ65Ov
50 Cent,pop,canción,Candy Shop,2005,5D2mYZuzcgjpchVY1pmTPh
The Fray,pop,canción,Look After You,2005,5l6hpyTGBK0LAAxgPnqTQL
Madonna,pop,canción,Hung Up,2005,3850dYVgOFIXJh5U4BFEWH
El Barrio,pop,canción,Abreme la Puerta,2005,2MY8gA419I34WfMDjcwUdu
Algiva,pop,canción,Pirata de Bokita,2005,0nXr4AVRzTpJ597dCinO1R
El Barrio,pop,canción,Querida Enemiga,2005,6i7Am0sqU0rZa2Yqsy9Rbg
50 Cent,pop,canción,Just A Lil Bit,2005,4nva9EpKntUTs6CRSGBCn9
Andy & Lucas,pop,canción,Celos,2005,0NYWDlaBz5ejU8N8g8GRFV
Coldplay,pop,canción,Speed of Sound,2005,7clUVcSOtkNWa58Gw5RfD4
KT Tunstall,pop,canción,Suddenly I See,2005,5p9XWUdvbUzmPCukOmwoU3
Daniel Powter,pop,canción,Bad Day,2005,0mUyMawtxj1CJ76kn9gIZK
The Game,pop,canción,Hate It Or Love It,2005,2wGSgTmgSF3xjRrHkTc25R
Nacha Pop,pop,canción,Chica de ayer,2005,1aZc9YBrZpKCE1YqSMV5Vg
Coti,pop,canción,Nada Fue Un Error - Live In Spain / 2005,2005,7GO6pBFbieZ30NjGIp2LP5
Michael Bublé,pop,canción,Feeling Good,2005,1AM8QdDFZMq6SrrqUnuQ9P
Aventura,pop,canción,La Boda,2005,2jQeX1fMZo5z82w3BviN5x
The Pussycat Dolls,pop,canción,Don't Cha,2005,0BxfFnk0YzONqvmrkO0QrB
El Canto Del Loco,pop,canción,Tal Como Eres,2005,0HQ6KHOBtpGdV7c40wwNSA
Estopa,pop,canción,Monstruos,2005,0gPA2Ksl3qeLYQWnyBmSEa
J.J. Tindall,rock,álbum,Songs in the Rock Genre,2002,5pHBlNAoMfmancB7hdE0vi
